Workbook
Name Print_Area: 'centre 9'!$A$1:$T$24
Name Print_Area: 'centre nat'!$A$1:$T$40
Name Print_Area: 'centre REG'!$A$1:$T$29
Name Print_Area: liate5!$A$1:$U$107
Name Print_Area: NAT!$A$1:$T$275
Name Print_Area: REG!$A$1:$T$302

Sheet REG
A1: Acteur Dépense | B1: Type Dépense | C1: Sous Type Dépense | D1: Loi Finance | E1: Objet Dépense | F1: Nom Signataire | G1: Prénom Signataire | H1: Date Signature | I1: (Montant)NET | J1: Mode Engagement | K1: Rubrique
A2: 0113 | B2: SALIND | C2: FRAIS_CORRECTION | D2: 2025 | E2: FRAIS DE CORRECTION EXAMEN REGIONAL 1 ER ANNEE BAC | F2: RACHID | G2: RIANE | H2: 24/06/2024 | I2: 290816 | J2: PED_GLOBAL | K2: 5212011001912015153
A6: Grade/Echelle | B6: Date début | C6: Date fin | D6: Nombre | E6: Taux | F6: Brut | G6: Retenues | H6: Montant net | I6: CIN | J6: Nom | K6: Prénom | L6: DDR | M6: Mode de paiement | N6: Type référence règlement | O6: Banque | P6: Ville | Q6: Numéoro compte Ribé | R6: Clé | S6: objet règlement | T6: Reference
A7: PROF. DE L'ENS. SECOND. QUALIFIE GR. PRINCIPAL | B7: 31/05/2025 | C7: 10/06/2025 | D7: 60 | E7: 8 | F7: 480 | G7: 0 | H7: 480 | I7: K 164175 | J7: EL MADANI | K7: BACHIR | L7: 743793 | M7: VIR | N7: RIB | O7: =IF(L7="","",VLOOKUP(L7,'RIB 1'!A1:F9976,3,0)) -> 230 | P7: =IF(L7="","",VLOOKUP(L7,'RIB 1'!A1:F9976,4,0)) -> 640 | Q7: =IF(L7="","",VLOOKUP(L7,'RIB 1'!A1:F9976,5,0)) -> 8576464211011800 | R7: =IF(L7="","",VLOOKUP(L7,'RIB 1'!A1:F9976,6,0)) -> 91 | S7: FRAIS_CORRECTION
A8: PROF. DE L'ENS. SECOND. QUALIFIE 2EME GR. | B8: 31/05/2026 | C8: 10/06/2026 | D8: 59 | E8: 8 | F8: 472 | G8: 0 | H8: 472 | I8: AB821929 | J8: BENSLIMANE | K8: HADJER | L8: 1757976 | M8: VIR | N8: RIB | O8: =IF(L8="","",VLOOKUP(L8,'RIB 1'!A2:F9977,3,0)) -> 350 | P8: =IF(L8="","",VLOOKUP(L8,'RIB 1'!A2:F9977,4,0)) -> 810 | Q8: =IF(L8="","",VLOOKUP(L8,'RIB 1'!A2:F9977,5,0)) -> 0000000006102343 | R8: =IF(L8="","",VLOOKUP(L8,'RIB 1'!A2:F9977,6,0)) -> 51 | S8: FRAIS_CORRECTION
A9: PROF. DE L'ENS. SECOND. QUALIFIE 1ER GR. | B9: 31/05/2027 | C9: 10/06/2027 | D9: 120 | E9: 8 | F9: 960 | G9: 0 | H9: 960 | I9: GM79646 | J9: ZEROUAL | K9: OUSSAMA | L9: 1544261 | M9: VIR | N9: RIB | O9: =IF(L9="","",VLOOKUP(L9,'RIB 1'!A3:F9978,3,0)) -> 164 | P9: =IF(L9="","",VLOOKUP(L9,'RIB 1'!A3:F9978,4,0)) -> 640 | Q9: =IF(L9="","",VLOOKUP(L9,'RIB 1'!A3:F9978,5,0)) -> 2111199628740005 | R9: =IF(L9="","",VLOOKUP(L9,'RIB 1'!A3:F9978,6,0)) -> 68 | S9: FRAIS_CORRECTION
A10: PROF. DE L'ENS. SECOND. QUALIFIE 1ER GR. | B10: 31/05/2028 | C10: 10/06/2028 | D10: 120 | E10: 8 | F10: 960 | G10: 0 | H10: 960 | I10: LB127135 | J10: HOUTTI | K10: MOHAMED | L10: 1693032 | M10: VIR | N10: RIB | O10: =IF(L10="","",VLOOKUP(L10,'RIB 1'!A4:F9979,3,0)) -> 164 | P10: =IF(L10="","",VLOOKUP(L10,'RIB 1'!A4:F9979,4,0)) -> 640 | Q10: =IF(L10="","",VLOOKUP(L10,'RIB 1'!A4:F9979,5,0)) -> 2111123269890002 | R10: =IF(L10="","",VLOOKUP(L10,'RIB 1'!A4:F9979,6,0)) -> 31 | S10: FRAIS_CORRECTION
A11: PROF. DE L'ENS. SECOND. QUALIFIE 1ER GR. | B11: 31/05/2029 | C11: 10/06/2029 | D11: 120 | E11: 8 | F11: 960 | G11: 0 | H11: 960 | I11: G 428043 | J11: ESSAFI | K11: HICHAM | L11: 1722634 | M11: VIR | N11: RIB | O11: =IF(L11="","",VLOOKUP(L11,'RIB 1'!A5:F9980,3,0)) -> 007 | P11: =IF(L11="","",VLOOKUP(L11,'RIB 1'!A5:F9980,4,0)) -> 640 | Q11: =IF(L11="","",VLOOKUP(L11,'RIB 1'!A5:F9980,5,0)) -> 0004437000304069 | R11: =IF(L11="","",VLOOKUP(L11,'RIB 1'!A5:F9980,6,0)) -> 19 | S11: FRAIS_CORRECTION
A12: PROF. DE L'ENS. SECOND. QUALIFIE 2EME GR. | B12: 31/05/2030 | C12: 10/06/2030 | D12: 119 | E12: 8 | F12: 952 | G12: 0 | H12: 952 | I12: KB51078 | J12: EL MAATI | K12: BOUCHTA | L12: 1546515 | M12: VIR | N12: RIB | O12: =IF(L12="","",VLOOKUP(L12,'RIB 1'!A6:F9981,3,0)) -> 360 | P12: =IF(L12="","",VLOOKUP(L12,'RIB 1'!A6:F9981,4,0)) -> 640 | Q12: =IF(L12="","",VLOOKUP(L12,'RIB 1'!A6:F9981,5,0)) -> 0000086216850027 | R12: =IF(L12="","",VLOOKUP(L12,'RIB 1'!A6:F9981,6,0)) -> 20 | S12: FRAIS_CORRECTION
A13: PROF. DE L'ENS. SECOND. QUALIFIE 2EME GR. | B13: 31/05/2031 | C13: 10/06/2031 | D13: 60 | E13: 8 | F13: 480 | G13: 0 | H13: 480 | I13: K 199690 | J13: TLIDI | K13: ABDELAZIZ | L13: 1689331 | M13: VIR | N13: RIB | O13: =IF(L13="","",VLOOKUP(L13,'RIB 1'!A7:F9982,3,0)) -> 230 | P13: =IF(L13="","",VLOOKUP(L13,'RIB 1'!A7:F9982,4,0)) -> 640 | Q13: =IF(L13="","",VLOOKUP(L13,'RIB 1'!A7:F9982,5,0)) -> 4647269211011800 | R13: =IF(L13="","",VLOOKUP(L13,'RIB 1'!A7:F9982,6,0)) -> 74 | S13: FRAIS_CORRECTION
A14: PROF. DE L'ENS. SECOND. QUALIFIE 2EME GR. | B14: 31/05/2032 | C14: 10/06/2032 | D14: 120 | E14: 8 | F14: 960 | G14: 0 | H14: 960 | I14: HH4429 | J14: ANTAR | K14: FATIMA-EZZAHRA | L14: 1905442 | M14: VIR | N14: RIB | O14: =IF(L14="","",VLOOKUP(L14,'RIB 1'!A8:F9983,3,0)) -> 360 | P14: =IF(L14="","",VLOOKUP(L14,'RIB 1'!A8:F9983,4,0)) -> 640 | Q14: =IF(L14="","",VLOOKUP(L14,'RIB 1'!A8:F9983,5,0)) -> 0000049065490012 | R14: =IF(L14="","",VLOOKUP(L14,'RIB 1'!A8:F9983,6,0)) -> 67 | S14: FRAIS_CORRECTION
A15: PROF. DE L'ENS. SECOND. QUALIFIE 1ER GR. | B15: 31/05/2033 | C15: 10/06/2033 | D15: 120 | E15: 8 | F15: 960 | G15: 0 | H15: 960 | I15: LA100494 | J15: KCHIKICH | K15: BOUCHRA | L15: 1693025 | M15: VIR | N15: RIB | O15: =IF(L15="","",VLOOKUP(L15,'RIB 1'!A9:F9984,3,0)) -> 011 | P15: =IF(L15="","",VLOOKUP(L15,'RIB 1'!A9:F9984,4,0)) -> 640 | Q15: =IF(L15="","",VLOOKUP(L15,'RIB 1'!A9:F9984,5,0)) -> 0000162000003795 | R15: =IF(L15="","",VLOOKUP(L15,'RIB 1'!A9:F9984,6,0)) -> 27 | S15: FRAIS_CORRECTION
A16: PROF. DE L'ENS. SECOND. QUALIFIE 2EME GR. | B16: 31/05/2034 | C16: 10/06/2034 | D16: 60 | E16: 8 | F16: 480 | G16: 0 | H16: 480 | I16: K 450414 | J16: CHOJAA | K16: MOHAMED LARBI | L16: 1722620 | M16: VIR | N16: RIB | O16: =IF(L16="","",VLOOKUP(L16,'RIB 1'!A10:F9985,3,0)) -> 021 | P16: =IF(L16="","",VLOOKUP(L16,'RIB 1'!A10:F9985,4,0)) -> 640 | Q16: =IF(L16="","",VLOOKUP(L16,'RIB 1'!A10:F9985,5,0)) -> 0000233001063597 | R16: =IF(L16="","",VLOOKUP(L16,'RIB 1'!A10:F9985,6,0)) -> 95 | S16: FRAIS_CORRECTION
A17: PROF. DE L'ENS. SECOND. QUALIFIE 2EME GR. | B17: 31/05/2035 | C17: 10/06/2035 | D17: 180 | E17: 8 | F17: 1440 | G17: 0 | H17: 1440 | I17: K 510659 | J17: BAKKALI | K17: GHAZOUANI MOHAMMED | L17: 1906047 | M17: VIR | N17: RIB | O17: =IF(L17="","",VLOOKUP(L17,'RIB 1'!A11:F9986,3,0)) -> 230 | P17: =IF(L17="","",VLOOKUP(L17,'RIB 1'!A11:F9986,4,0)) -> 640 | Q17: =IF(L17="","",VLOOKUP(L17,'RIB 1'!A11:F9986,5,0)) -> 7539114211006000 | R17: =IF(L17="","",VLOOKUP(L17,'RIB 1'!A11:F9986,6,0)) -> 94 | S17: FRAIS_CORRECTION
A18: PROF. DE L'ENS. SECOND. QUALIFIE 2EME GR. | B18: 31/05/2036 | C18: 10/06/2036 | D18: 120 | E18: 8 | F18: 960 | G18: 0 | H18: 960 | I18: L 534627 | J18: BOUABADI | K18: YOUSRA | L18: 1966971 | M18: VIR | N18: RIB | O18: =IF(L18="","",VLOOKUP(L18,'RIB 1'!A12:F9987,3,0)) -> 164 | P18: =IF(L18="","",VLOOKUP(L18,'RIB 1'!A12:F9987,4,0)) -> 720 | Q18: =IF(L18="","",VLOOKUP(L18,'RIB 1'!A12:F9987,5,0)) -> 2111119126020007 | R18: =IF(L18="","",VLOOKUP(L18,'RIB 1'!A12:F9987,6,0)) -> 58 | S18: FRAIS_CORRECTION
... A279: PROF. DE L'ENS. SECOND. QUALIFIE GR. PRINCIPAL | B279: 31/05/2297 | C279: 10/06/2297 | D279: 159 | E279: 8 | F279: 1272 | G279: 0 | H279: 1272 | I279: KB29236 | J279: HAMMOUDAN | K279: MOHAMED | L279: 1543742 | M279: VIR | N279: RIB | O279: =IF(L279="","",VLOOKUP(L279,'RIB 1'!A273:F10248,3,0)) -> 360 | P279: =IF(L279="","",VLOOKUP(L279,'RIB 1'!A273:F10248,4,0)) -> 640 | Q279: =IF(L279="","",VLOOKUP(L279,'RIB 1'!A273:F10248,5,0)) -> 0000088502000017 | R279: =IF(L279="","",VLOOKUP(L279,'RIB 1'!A273:F10248,6,0)) -> 24 | S279: FRAIS_CORRECTION
A280: PROF. DE L'ENS. SECOND. QUALIFIE GR. PRINCIPAL | B280: 31/05/2298 | C280: 10/06/2298 | D280: 296 | E280: 8 | F280: 2368 | G280: 0 | H280: 2368 | I280: L 201585 | J280: MOUISSI | K280: ABDELILAH | L280: 270757 | M280: VIR | N280: RIB | O280: =IF(L280="","",VLOOKUP(L280,'RIB 1'!A274:F10249,3,0)) -> 164 | P280: =IF(L280="","",VLOOKUP(L280,'RIB 1'!A274:F10249,4,0)) -> 731 | Q280: =IF(L280="","",VLOOKUP(L280,'RIB 1'!A274:F10249,5,0)) -> 2111118859590004 | R280: =IF(L280="","",VLOOKUP(L280,'RIB 1'!A274:F10249,6,0)) -> 67 | S280: FRAIS_CORRECTION
A281: PROF. DE L'ENS. SECOND. QUALIFIE 1ER GR. | B281: 31/05/2299 | C281: 10/06/2299 | D281: 216 | E281: 8 | F281: 1728 | G281: 0 | H281: 1728 | I281: GM136140 | J281: EL KHAMALI | K281: ACHRAF | L281: 1905312 | M281: VIR | N281: RIB | O281: =IF(L281="","",VLOOKUP(L281,'RIB 1'!A275:F10250,3,0)) -> 164 | P281: =IF(L281="","",VLOOKUP(L281,'RIB 1'!A275:F10250,4,0)) -> 640 | Q281: =IF(L281="","",VLOOKUP(L281,'RIB 1'!A275:F10250,5,0)) -> 2111126947790007 | R281: =IF(L281="","",VLOOKUP(L281,'RIB 1'!A275:F10250,6,0)) -> 61 | S281: FRAIS_CORRECTION
A282: PROF. DE L'ENS. SECOND. QUALIFIE 1ER GR. | B282: 31/05/2300 | C282: 10/06/2300 | D282: 200 | E282: 8 | F282: 1600 | G282: 0 | H282: 1600 | I282: GM136140 | J282: EL KHAMALI | K282: ACHRAF | L282: 1905312 | M282: VIR | N282: RIB | O282: =IF(L282="","",VLOOKUP(L282,'RIB 1'!A276:F10251,3,0)) -> 164 | P282: =IF(L282="","",VLOOKUP(L282,'RIB 1'!A276:F10251,4,0)) -> 640 | Q282: =IF(L282="","",VLOOKUP(L282,'RIB 1'!A276:F10251,5,0)) -> 2111126947790007 | R282: =IF(L282="","",VLOOKUP(L282,'RIB 1'!A276:F10251,6,0)) -> 61 | S282: FRAIS_CORRECTION
A283: PROF. DE L'ENS. SECOND. QUALIFIE GR. PRINCIPAL | B283: 31/05/2301 | C283: 10/06/2301 | D283: 204 | E283: 8 | F283: 1632 | G283: 0 | H283: 1632 | I283: K 269379 | J283: EL MOUTAOUAKIL | K283: RACHID | L283: 1116569 | M283: VIR | N283: RIB | O283: =IF(L283="","",VLOOKUP(L283,'RIB 1'!A277:F10252,3,0)) -> 164 | P283: =IF(L283="","",VLOOKUP(L283,'RIB 1'!A277:F10252,4,0)) -> 640 | Q283: =IF(L283="","",VLOOKUP(L283,'RIB 1'!A277:F10252,5,0)) -> 2111150578090008 | R283: =IF(L283="","",VLOOKUP(L283,'RIB 1'!A277:F10252,6,0)) -> 95 | S283: FRAIS_CORRECTION
A284: PROF. DE L'ENS. SECOND. QUALIFIE GR. PRINCIPAL | B284: 31/05/2302 | C284: 10/06/2302 | D284: 270 | E284: 8 | F284: 2160 | G284: 0 | H284: 2160 | I284: K 269379 | J284: EL MOUTAOUAKIL | K284: RACHID | L284: 1116569 | M284: VIR | N284: RIB | O284: =IF(L284="","",VLOOKUP(L284,'RIB 1'!A278:F10253,3,0)) -> 164 | P284: =IF(L284="","",VLOOKUP(L284,'RIB 1'!A278:F10253,4,0)) -> 640 | Q284: =IF(L284="","",VLOOKUP(L284,'RIB 1'!A278:F10253,5,0)) -> 2111150578090008 | R284: =IF(L284="","",VLOOKUP(L284,'RIB 1'!A278:F10253,6,0)) -> 95 | S284: FRAIS_CORRECTION
A285: PROF. DE L'ENS. SECOND. QUALIFIE 2EME GR. | B285: 31/05/2303 | C285: 10/06/2303 | D285: 59 | E285: 8 | F285: 472 | G285: 0 | H285: 472 | I285: ZT223099 | J285: BILAL | K285: HOSNI | L285: 2155786 | M285: VIR | N285: RIB | O285: =IF(L285="","",VLOOKUP(L285,'RIB 1'!A279:F10254,3,0)) -> 164 | P285: =IF(L285="","",VLOOKUP(L285,'RIB 1'!A279:F10254,4,0)) -> 640 | Q285: =IF(L285="","",VLOOKUP(L285,'RIB 1'!A279:F10254,5,0)) -> 2111121643800002 | R285: =IF(L285="","",VLOOKUP(L285,'RIB 1'!A279:F10254,6,0)) -> 60 | S285: FRAIS_CORRECTION
A286: PROF. DE L'ENS. SECOND. QUALIFIE 1ER GR. | B286: 31/05/2304 | C286: 10/06/2304 | D286: 238 | E286: 8 | F286: 1904 | G286: 0 | H286: 1904 | I286: L 413159 | J286: MAFTOUMI | K286: SOUMIA | L286: 1592161 | M286: VIR | N286: RIB | O286: =IF(L286="","",VLOOKUP(L286,'RIB 1'!A280:F10255,3,0)) -> 225 | P286: =IF(L286="","",VLOOKUP(L286,'RIB 1'!A280:F10255,4,0)) -> 610 | Q286: =IF(L286="","",VLOOKUP(L286,'RIB 1'!A280:F10255,5,0)) -> 0017300856010120 | R286: =IF(L286="","",VLOOKUP(L286,'RIB 1'!A280:F10255,6,0)) -> 45 | S286: FRAIS_CORRECTION
A287: PROF. DE L'ENS. SECOND. QUALIFIE 2EME GR. | B287: 31/05/2305 | C287: 10/06/2305 | D287: 120 | E287: 8 | F287: 960 | G287: 0 | H287: 960 | I287: K 524194 | J287: BOUHARRAT | K287: SOULAIMAN | L287: 2048676 | M287: VIR | N287: RIB | O287: =IF(L287="","",VLOOKUP(L287,'RIB 1'!A281:F10256,3,0)) -> 350 | P287: =IF(L287="","",VLOOKUP(L287,'RIB 1'!A281:F10256,4,0)) -> 810 | Q287: =IF(L287="","",VLOOKUP(L287,'RIB 1'!A281:F10256,5,0)) -> 0000000008548993 | R287: =IF(L287="","",VLOOKUP(L287,'RIB 1'!A281:F10256,6,0)) -> 91 | S287: FRAIS_CORRECTION
A288: PROF. DE L'ENS. SECOND. QUALIFIE GR. PRINCIPAL | B288: 31/05/2306 | C288: 10/06/2306 | D288: 270 | E288: 8 | F288: 2160 | G288: 0 | H288: 2160 | I288: K 199481 | J288: BEN HACHMI | K288: MOHAMED LARBI | L288: 739129 | M288: VIR | N288: RIB | O288: =IF(L288="","",VLOOKUP(L288,'RIB 1'!A282:F10257,3,0)) -> 350 | P288: =IF(L288="","",VLOOKUP(L288,'RIB 1'!A282:F10257,4,0)) -> 810 | Q288: =IF(L288="","",VLOOKUP(L288,'RIB 1'!A282:F10257,5,0)) -> 0000000000425313 | R288: =IF(L288="","",VLOOKUP(L288,'RIB 1'!A282:F10257,6,0)) -> 75 | S288: FRAIS_CORRECTION
A289: PROF. DE L'ENS. SECOND. QUALIFIE GR. PRINCIPAL | B289: 31/05/2307 | C289: 10/06/2307 | D289: 267 | E289: 8 | F289: 2136 | G289: 0 | H289: 2136 | I289: K 199481 | J289: BEN HACHMI | K289: MOHAMED LARBI | L289: 739129 | M289: VIR | N289: RIB | O289: =IF(L289="","",VLOOKUP(L289,'RIB 1'!A283:F10258,3,0)) -> 350 | P289: =IF(L289="","",VLOOKUP(L289,'RIB 1'!A283:F10258,4,0)) -> 810 | Q289: =IF(L289="","",VLOOKUP(L289,'RIB 1'!A283:F10258,5,0)) -> 0000000000425313 | R289: =IF(L289="","",VLOOKUP(L289,'RIB 1'!A283:F10258,6,0)) -> 75 | S289: FRAIS_CORRECTION
A290: PROF. DE L'ENS. SECOND. QUALIFIE GR. PRINCIPAL | B290: 31/05/2308 | C290: 10/06/2308 | D290: 120 | E290: 8 | F290: 960 | G290: 0 | H290: 960 | I290: LA16069 | J290: BOUSSOUF | K290: MOHAMED LARBI | L290: 55924 | M290: VIR | N290: RIB | O290: =IF(L290="","",VLOOKUP(L290,'RIB 1'!A284:F10259,3,0)) -> 164 | P290: =IF(L290="","",VLOOKUP(L290,'RIB 1'!A284:F10259,4,0)) -> 640 | Q290: =IF(L290="","",VLOOKUP(L290,'RIB 1'!A284:F10259,5,0)) -> 2111173152600000 | R290: =IF(L290="","",VLOOKUP(L290,'RIB 1'!A284:F10259,6,0)) -> 56 | S290: FRAIS_CORRECTION
A291: PROF. DE L'ENS. SECOND. QUALIFIE 1ER GR. | B291: 31/05/2309 | C291: 10/06/2309 | D291: 178 | E291: 8 | F291: 1424 | G291: 0 | H291: 1424 | I291: L 274756 | J291: KERKECH | K291: ABDEL-LAH | L291: 1691344 | M291: VIR | N291: RIB | O291: =IF(L291="","",VLOOKUP(L291,'RIB 1'!A285:F10260,3,0)) -> 164 | P291: =IF(L291="","",VLOOKUP(L291,'RIB 1'!A285:F10260,4,0)) -> 640 | Q291: =IF(L291="","",VLOOKUP(L291,'RIB 1'!A285:F10260,5,0)) -> 2111186831450001 | R291: =IF(L291="","",VLOOKUP(L291,'RIB 1'!A285:F10260,6,0)) -> 05 | S291: FRAIS_CORRECTION
A292: PROF. DE L'ENS. SECOND. QUALIFIE GR. PRINCIPAL | B292: 31/05/2310 | C292: 10/06/2310 | D292: 60 | E292: 8 | F292: 480 | G292: 0 | H292: 480 | I292: GN111061 | J292: EL MIKALI | K292: ABDELHALIM | L292: 1503892 | M292: VIR | N292: RIB | O292: =IF(L292="","",VLOOKUP(L292,'RIB 1'!A286:F10261,3,0)) -> 363 | P292: =IF(L292="","",VLOOKUP(L292,'RIB 1'!A286:F10261,4,0)) -> 780 | Q292: =IF(L292="","",VLOOKUP(L292,'RIB 1'!A286:F10261,5,0)) -> 0000010000009207 | R292: =IF(L292="","",VLOOKUP(L292,'RIB 1'!A286:F10261,6,0)) -> 20 | S292: FRAIS_CORRECTION
... A302: PROF. DE L'ENS. SECOND. QUALIFIE 2EME GR. | B302: 31/05/2320 | C302: 10/06/2320 | D302: 60 | E302: 8 | F302: 480 | G302: 0 | H302: 480 | I302: LA50255 | J302: EL YOUSOUFY | K302: EL AYACHY | L302: 1599455 | M302: VIR | N302: RIB | O302: =IF(L302="","",VLOOKUP(L302,'RIB 1'!A296:F10271,3,0)) -> 164 | P302: =IF(L302="","",VLOOKUP(L302,'RIB 1'!A296:F10271,4,0)) -> 727 | Q302: =IF(L302="","",VLOOKUP(L302,'RIB 1'!A296:F10271,5,0)) -> 2111126408860000 | R302: =IF(L302="","",VLOOKUP(L302,'RIB 1'!A296:F10271,6,0)) -> 16 | S302: FRAIS_CORRECTION

Sheet centre nat
A1: Acteur Dépense | B1: Type Dépense | C1: Sous Type Dépense | D1: Loi Finance | E1: Objet Dépense | F1: Nom Signataire | G1: Prénom Signataire | H1: Date Signature | I1: (Montant)NET | J1: Mode Engagement | K1: Rubrique
A2: 0113 | B2: SALIND | D2: 2025 | E2: INDEMNITES POUR L'ORGANISATION DES EXAMENS ET CONCOURS 2 EME ANNEE BAC | F2: RACHID | G2: RIANE | H2: 27/06/2025 | I2: =SUM(H7:H40) -> 262800 | J2: PED_GLOBAL | K2: 5212011001912015153
A6: Grade/Echelle | B6: Date début | C6: Date fin | D6: Nombre | E6: Taux | F6: Brut | G6: Retenues | H6: Montant net | I6: CIN | J6: Nom | K6: Prénom | L6: DDR | M6: Mode de paiement | N6: Type référence règlement | O6: Banque | P6: Ville | Q6: Numéoro compte Ribé | R6: Clé | S6: objet règlement | T6: Reference
A7: PROF. DE L'ENS. SECOND. QUALIFIE GR. PRINCIPAL | B7: 28/05/2025 | C7: 27/06/2025 | D7: 30 | E7: 300 | F7: 9000 | G7: 0 | H7: 9000 | I7: FC18719 | J7: ABDOUS | K7: HABIBA | L7: 1276705 | M7: VIR | N7: RIB | O7: =IF(L7="","",VLOOKUP(L7,'RIB 1'!A1:F9976,3,0)) -> 164 | P7: =IF(L7="","",VLOOKUP(L7,'RIB 1'!A1:F9976,4,0)) -> 640 | Q7: =IF(L7="","",VLOOKUP(L7,'RIB 1'!A1:F9976,5,0)) -> 2111134184050002 | R7: =IF(L7="","",VLOOKUP(L7,'RIB 1'!A1:F9976,6,0)) -> 11 | S7: FRAIS_CORRECTION
A8: SPECIALISTE PEDAGOGIQUE DE 2EME GR. | B8: 28/05/2025 | C8: 27/06/2025 | D8: 30 | E8: 300 | F8: 9000 | G8: 0 | H8: 9000 | I8: LA76577 | J8: JBILOU | K8: SAMIR | L8: 1680403 | M8: VIR | N8: RIB | O8: =IF(L8="","",VLOOKUP(L8,'RIB 1'!A2:F9977,3,0)) -> 007 | P8: =IF(L8="","",VLOOKUP(L8,'RIB 1'!A2:F9977,4,0)) -> 640 | Q8: =IF(L8="","",VLOOKUP(L8,'RIB 1'!A2:F9977,5,0)) -> 0004422000304570 | R8: =IF(L8="","",VLOOKUP(L8,'RIB 1'!A2:F9977,6,0)) -> 46 | S8: FRAIS_CORRECTION
A9: PROF. DE L'ENS. PRIMAIRE 1ER GR. | B9: 28/05/2025 | C9: 27/06/2025 | D9: 30 | E9: 300 | F9: 9000 | G9: 0 | H9: 9000 | I9: K 250280 | J9: EL FARGANI | K9: MOHAMED | L9: 1116474 | M9: VIR | N9: RIB | O9: =IF(L9="","",VLOOKUP(L9,'RIB 1'!A3:F9978,3,0)) -> 011 | P9: =IF(L9="","",VLOOKUP(L9,'RIB 1'!A3:F9978,4,0)) -> 640 | Q9: =IF(L9="","",VLOOKUP(L9,'RIB 1'!A3:F9978,5,0)) -> 0000072000006717 | R9: =IF(L9="","",VLOOKUP(L9,'RIB 1'!A3:F9978,6,0)) -> 53 | S9: FRAIS_CORRECTION
A10: SPECIALISTE D'ECONOM. ET D'ADMIN. DE 1ER GR. | B10: 28/05/2025 | C10: 27/06/2025 | D10: 30 | E10: 300 | F10: 9000 | G10: 0 | H10: 9000 | I10: K 259084 | J10: ABJAYOU | K10: MOHAMMED | L10: 1116506 | M10: VIR | N10: RIB | O10: =IF(L10="","",VLOOKUP(L10,'RIB 1'!A4:F9979,3,0)) -> 164 | P10: =IF(L10="","",VLOOKUP(L10,'RIB 1'!A4:F9979,4,0)) -> 640 | Q10: =IF(L10="","",VLOOKUP(L10,'RIB 1'!A4:F9979,5,0)) -> 2111155612930002 | R10: =IF(L10="","",VLOOKUP(L10,'RIB 1'!A4:F9979,6,0)) -> 13 | S10: FRAIS_CORRECTION
A11: SPECIALISTE D'ECONOM. ET D'ADMIN. DE 1ER GR. | B11: 28/05/2025 | C11: 27/06/2025 | D11: 30 | E11: 300 | F11: 9000 | G11: 0 | H11: 9000 | I11: K 209741 | J11: SBAYJI | K11: MOHAMMED SAID | L11: 57611 | M11: VIR | N11: RIB | O11: =IF(L11="","",VLOOKUP(L11,'RIB 1'!A5:F9980,3,0)) -> 164 | P11: =IF(L11="","",VLOOKUP(L11,'RIB 1'!A5:F9980,4,0)) -> 640 | Q11: =IF(L11="","",VLOOKUP(L11,'RIB 1'!A5:F9980,5,0)) -> 2111153307550003 | R11: =IF(L11="","",VLOOKUP(L11,'RIB 1'!A5:F9980,6,0)) -> 46 | S11: FRAIS_CORRECTION
A12: CONSEILLERS EN PLANIFICATION DE L'EDUCATION 1ER GRADE | B12: 28/05/2025 | C12: 27/06/2025 | D12: 24 | E12: 300 | F12: 7200 | G12: 0 | H12: 7200 | I12: AB51048 | J12: FAOUZI | K12: MAROUANE | L12: 1598468 | M12: VIR | N12: RIB | O12: =IF(L12="","",VLOOKUP(L12,'RIB 1'!A6:F9981,3,0)) -> 225 | P12: =IF(L12="","",VLOOKUP(L12,'RIB 1'!A6:F9981,4,0)) -> 150 | Q12: =IF(L12="","",VLOOKUP(L12,'RIB 1'!A6:F9981,5,0)) -> 0349059386010126 | R12: =IF(L12="","",VLOOKUP(L12,'RIB 1'!A6:F9981,6,0)) -> 81 | S12: FRAIS_CORRECTION
A13: SPECIALISTE D'ECONOM. ET D'ADMIN. DE 1ER GR. | B13: 28/05/2025 | C13: 27/06/2025 | D13: 30 | E13: 300 | F13: 9000 | G13: 0 | H13: 9000 | I13: K 239856 | J13: CHARAB | K13: BADREDDINE | L13: 55990 | M13: VIR | N13: RIB | O13: =IF(L13="","",VLOOKUP(L13,'RIB 1'!A7:F9982,3,0)) -> 164 | P13: =IF(L13="","",VLOOKUP(L13,'RIB 1'!A7:F9982,4,0)) -> 640 | Q13: =IF(L13="","",VLOOKUP(L13,'RIB 1'!A7:F9982,5,0)) -> 2111133277330008 | R13: =IF(L13="","",VLOOKUP(L13,'RIB 1'!A7:F9982,6,0)) -> 51 | S13: FRAIS_CORRECTION
A14: ADJOINT PEDAGOGIQUE DE 4EME GRADE | B14: 28/05/2025 | C14: 27/06/2025 | D14: 30 | E14: 300 | F14: 9000 | G14: 0 | H14: 9000 | I14: K 230978 | J14: CHEOUATI | K14: AHMED | L14: 1403729 | M14: VIR | N14: RIB | O14: =IF(L14="","",VLOOKUP(L14,'RIB 1'!A8:F9983,3,0)) -> 164 | P14: =IF(L14="","",VLOOKUP(L14,'RIB 1'!A8:F9983,4,0)) -> 640 | Q14: =IF(L14="","",VLOOKUP(L14,'RIB 1'!A8:F9983,5,0)) -> 2111133319680014 | R14: =IF(L14="","",VLOOKUP(L14,'RIB 1'!A8:F9983,6,0)) -> 51 | S14: FRAIS_CORRECTION
A15: ADJOINT PEDAGOGIQUE DE 5EME GRADE | B15: 28/05/2025 | C15: 27/06/2025 | D15: 30 | E15: 300 | F15: 9000 | G15: 0 | H15: 9000 | I15: K 149401 | J15: MAIMOUNI | K15: MOHAMMED | L15: 1310759 | M15: VIR | N15: RIB | O15: =IF(L15="","",VLOOKUP(L15,'RIB 1'!A9:F9984,3,0)) -> 164 | P15: =IF(L15="","",VLOOKUP(L15,'RIB 1'!A9:F9984,4,0)) -> 640 | Q15: =IF(L15="","",VLOOKUP(L15,'RIB 1'!A9:F9984,5,0)) -> 2111178014970004 | R15: =IF(L15="","",VLOOKUP(L15,'RIB 1'!A9:F9984,6,0)) -> 13 | S15: FRAIS_CORRECTION
A16: ADJOINT PEDAGOGIQUE DE 4EME GRADE | B16: 28/05/2025 | C16: 27/06/2025 | D16: 30 | E16: 300 | F16: 9000 | G16: 0 | H16: 9000 | I16: K 251744 | J16: BELHADRI | K16: MAROUANE | L16: 1398949 | M16: VIR | N16: RIB | O16: =IF(L16="","",VLOOKUP(L16,'RIB 1'!A10:F9985,3,0)) -> 230 | P16: =IF(L16="","",VLOOKUP(L16,'RIB 1'!A10:F9985,4,0)) -> 640 | Q16: =IF(L16="","",VLOOKUP(L16,'RIB 1'!A10:F9985,5,0)) -> 5589759211011800 | R16: =IF(L16="","",VLOOKUP(L16,'RIB 1'!A10:F9985,6,0)) -> 78 | S16: FRAIS_CORRECTION
A17: ADJOINT PEDAGOGIQUE DE 4EME GRADE | B17: 28/05/2025 | C17: 27/06/2025 | D17: 30 | E17: 300 | F17: 9000 | G17: 0 | H17: 9000 | I17: K 176035 | J17: AOUDAIR | K17: MOHAMED | L17: 1310711 | M17: VIR | N17: RIB | O17: =IF(L17="","",VLOOKUP(L17,'RIB 1'!A11:F9986,3,0)) -> 164 | P17: =IF(L17="","",VLOOKUP(L17,'RIB 1'!A11:F9986,4,0)) -> 640 | Q17: =IF(L17="","",VLOOKUP(L17,'RIB 1'!A11:F9986,5,0)) -> 2111133175420000 | R17: =IF(L17="","",VLOOKUP(L17,'RIB 1'!A11:F9986,6,0)) -> 43 | S17: FRAIS_CORRECTION
A18: ADJOINT PEDAGOGIQUE DE 4EME GRADE | B18: 28/05/2025 | C18: 27/06/2025 | D18: 14 | E18: 300 | F18: 4200 | G18: 0 | H18: 4200 | I18: K 252545 | J18: EL HAOUAT | K18: ES SAID | L18: 1441504 | M18: VIR | N18: RIB | O18: =IF(L18="","",VLOOKUP(L18,'RIB 1'!A12:F9987,3,0)) -> 011 | P18: =IF(L18="","",VLOOKUP(L18,'RIB 1'!A12:F9987,4,0)) -> 640 | Q18: =IF(L18="","",VLOOKUP(L18,'RIB 1'!A12:F9987,5,0)) -> 0000212000006039 | R18: =IF(L18="","",VLOOKUP(L18,'RIB 1'!A12:F9987,6,0)) -> 29 | S18: FRAIS_CORRECTION
... A34: ADMINISTRATEUR DE L’EDUCA. NAT. DE GR. PRINCIPAL | B34: 28/05/2025 | C34: 27/06/2025 | D34: 22 | E34: 300 | F34: 6600 | G34: 0 | H34: 6600 | I34: R 210776 | J34: AKRI | K34: MARZOUK | L34: 1234235 | M34: VIR | N34: RIB | O34: =IF(L34="","",VLOOKUP(L34,'RIB 1'!A28:F10003,3,0)) -> 164 | P34: =IF(L34="","",VLOOKUP(L34,'RIB 1'!A28:F10003,4,0)) -> 640 | Q34: =IF(L34="","",VLOOKUP(L34,'RIB 1'!A28:F10003,5,0)) -> 2111172219930004 | R34: =IF(L34="","",VLOOKUP(L34,'RIB 1'!A28:F10003,6,0)) -> 36 | S34: FRAIS_CORRECTION
A35: PROF. DE L'ENS. SECOND. COLLEGIAL 1ER GR. | B35: 28/05/2025 | C35: 27/06/2025 | D35: 30 | E35: 300 | F35: 9000 | G35: 0 | H35: 9000 | I35: K 214828 | J35: ROUDANI | K35: ABDELAZIZ | L35: 1045515 | M35: VIR | N35: RIB | O35: 362 | P35: 640 | Q35: 0011112000806128 | R35: 85 | S35: FRAIS_CORRECTION
A36: ADMINISTRATEUR DE 2ER GRADE | B36: 28/05/2025 | C36: 27/06/2025 | D36: 10 | E36: 300 | F36: 3000 | G36: 0 | H36: 3000 | I36: UC109984 | J36: OULKHANG | K36: ISMAIL | L36: 1401819 | M36: VIR | N36: RIB | O36: =IF(L36="","",VLOOKUP(L36,'RIB 1'!A30:F10005,3,0)) -> 164 | P36: =IF(L36="","",VLOOKUP(L36,'RIB 1'!A30:F10005,4,0)) -> 640 | Q36: =IF(L36="","",VLOOKUP(L36,'RIB 1'!A30:F10005,5,0)) -> 2111175844190001 | R36: =IF(L36="","",VLOOKUP(L36,'RIB 1'!A30:F10005,6,0)) -> 97 | S36: FRAIS_CORRECTION
A37: INGENIEUR EN CHEF 1er GRADE | B37: 28/05/2025 | C37: 27/06/2025 | D37: 10 | E37: 300 | F37: 3000 | G37: 0 | H37: 3000 | I37: K 178247 | J37: SABIR | K37: AZIZ | L37: 845722 | M37: VIR | N37: RIB | O37: =IF(L37="","",VLOOKUP(L37,'RIB 1'!A31:F10006,3,0)) -> 164 | P37: =IF(L37="","",VLOOKUP(L37,'RIB 1'!A31:F10006,4,0)) -> 640 | Q37: =IF(L37="","",VLOOKUP(L37,'RIB 1'!A31:F10006,5,0)) -> 2111172219930004 | R37: =IF(L37="","",VLOOKUP(L37,'RIB 1'!A31:F10006,6,0)) -> 36 | S37: FRAIS_CORRECTION
A38: ADJOINT PEDAGOGIQUE DE 4EME GRADE | B38: 28/05/2025 | C38: 27/06/2025 | D38: 30 | E38: 300 | F38: 9000 | G38: 0 | H38: 9000 | I38: K 160477 | J38: MAIMOUNI | K38: MALIKA | L38: 1441505 | M38: VIR | N38: RIB | O38: =IF(L38="","",VLOOKUP(L38,'RIB 1'!A32:F10007,3,0)) -> 007 | P38: =IF(L38="","",VLOOKUP(L38,'RIB 1'!A32:F10007,4,0)) -> 640 | Q38: =IF(L38="","",VLOOKUP(L38,'RIB 1'!A32:F10007,5,0)) -> 0002448000306754 | R38: =IF(L38="","",VLOOKUP(L38,'RIB 1'!A32:F10007,6,0)) -> 66 | S38: FRAIS_CORRECTION
A39: PROF. DE L'ENS. SECOND. COLLEGIAL 2EME GR. | B39: 28/05/2025 | C39: 27/06/2025 | D39: 14 | E39: 300 | F39: 4200 | G39: 0 | H39: 4200 | I39: FB78767 | J39: EL BAGHDADI | K39: ABDALLAH | L39: 1686731 | M39: VIR | N39: RIB | O39: 164 | P39: 640 | Q39: 2111140873040006 | R39: 59 | S39: FRAIS_CORRECTION
A40: SPECIALISTE PEDAGOGIQUE DE 1ER GR. | B40: 28/05/2025 | C40: 27/06/2025 | D40: 14 | E40: 300 | F40: 4200 | G40: 0 | H40: 4200 | I40: LB90118 | J40: EL OUAZZANI | K40: MUSTAPHA | L40: 1680535 | M40: VIR | N40: RIB | O40: =IF(L40="","",VLOOKUP(L40,'RIB 1'!A34:F10009,3,0)) -> 225 | P40: =IF(L40="","",VLOOKUP(L40,'RIB 1'!A34:F10009,4,0)) -> 780 | Q40: =IF(L40="","",VLOOKUP(L40,'RIB 1'!A34:F10009,5,0)) -> 0652000476010116 | R40: =IF(L40="","",VLOOKUP(L40,'RIB 1'!A34:F10009,6,0)) -> 42 | S40: FRAIS_CORRECTION

Sheet centre REG
A1: Acteur Dépense | B1: Type Dépense | C1: Sous Type Dépense | D1: Loi Finance | E1: Objet Dépense | F1: Nom Signataire | G1: Prénom Signataire | H1: Date Signature | I1: (Montant)NET | J1: Mode Engagement | K1: Rubrique
A2: 0113 | B2: SALIND | D2: 2025 | E2: INDEMNITES POUR L'ORGANISATION DES EXAMENS ET CONCOURS 2 EME ANNEE BAC | F2: RACHID | G2: RIANE | H2: 27/06/2025 | I2: =SUM(H7:H29) -> 40200 | J2: PED_GLOBAL | K2: 5212011001912015153
A6: Grade/Echelle | B6: Date début | C6: Date fin | D6: Nombre | E6: Taux | F6: Brut | G6: Retenues | H6: Montant net | I6: CIN | J6: Nom | K6: Prénom | L6: DDR | M6: Mode de paiement | N6: Type référence règlement | O6: Banque | P6: Ville | Q6: Numéoro compte Ribé | R6: Clé | S6: objet règlement | T6: Reference
A7: PROF. DE L'ENS. SECOND. QUALIFIE GR. PRINCIPAL | B7: 28/05/2025 | C7: 27/06/2025 | D7: 6 | E7: 300 | F7: 1800 | G7: 0 | H7: 1800 | I7: FC18719 | J7: ABDOUS | K7: HABIBA | L7: 1276705 | M7: VIR | N7: RIB | O7: =IF(L7="","",VLOOKUP(L7,'RIB 1'!A1:F9976,3,0)) -> 164 | P7: =IF(L7="","",VLOOKUP(L7,'RIB 1'!A1:F9976,4,0)) -> 640 | Q7: =IF(L7="","",VLOOKUP(L7,'RIB 1'!A1:F9976,5,0)) -> 2111134184050002 | R7: =IF(L7="","",VLOOKUP(L7,'RIB 1'!A1:F9976,6,0)) -> 11 | S7: FRAIS_CORRECTION
A8: SPECIALISTE PEDAGOGIQUE DE 2EME GR. | B8: 28/05/2025 | C8: 27/06/2025 | D8: 6 | E8: 300 | F8: 1800 | G8: 0 | H8: 1800 | I8: LA76577 | J8: JBILOU | K8: SAMIR | L8: 1680403 | M8: VIR | N8: RIB | O8: =IF(L8="","",VLOOKUP(L8,'RIB 1'!A2:F9977,3,0)) -> 007 | P8: =IF(L8="","",VLOOKUP(L8,'RIB 1'!A2:F9977,4,0)) -> 640 | Q8: =IF(L8="","",VLOOKUP(L8,'RIB 1'!A2:F9977,5,0)) -> 0004422000304570 | R8: =IF(L8="","",VLOOKUP(L8,'RIB 1'!A2:F9977,6,0)) -> 46 | S8: FRAIS_CORRECTION
A9: PROF. DE L'ENS. PRIMAIRE 1ER GR. | B9: 28/05/2025 | C9: 27/06/2025 | D9: 6 | E9: 300 | F9: 1800 | G9: 0 | H9: 1800 | I9: K 250280 | J9: EL FARGANI | K9: MOHAMED | L9: 1116474 | M9: VIR | N9: RIB | O9: =IF(L9="","",VLOOKUP(L9,'RIB 1'!A3:F9978,3,0)) -> 011 | P9: =IF(L9="","",VLOOKUP(L9,'RIB 1'!A3:F9978,4,0)) -> 640 | Q9: =IF(L9="","",VLOOKUP(L9,'RIB 1'!A3:F9978,5,0)) -> 0000072000006717 | R9: =IF(L9="","",VLOOKUP(L9,'RIB 1'!A3:F9978,6,0)) -> 53 | S9: FRAIS_CORRECTION
A10: SPECIALISTE D'ECONOM. ET D'ADMIN. DE 1ER GR. | B10: 28/05/2025 | C10: 27/06/2025 | D10: 6 | E10: 300 | F10: 1800 | G10: 0 | H10: 1800 | I10: K 259084 | J10: ABJAYOU | K10: MOHAMMED | L10: 1116506 | M10: VIR | N10: RIB | O10: =IF(L10="","",VLOOKUP(L10,'RIB 1'!A4:F9979,3,0)) -> 164 | P10: =IF(L10="","",VLOOKUP(L10,'RIB 1'!A4:F9979,4,0)) -> 640 | Q10: =IF(L10="","",VLOOKUP(L10,'RIB 1'!A4:F9979,5,0)) -> 2111155612930002 | R10: =IF(L10="","",VLOOKUP(L10,'RIB 1'!A4:F9979,6,0)) -> 13 | S10: FRAIS_CORRECTION
A11: SPECIALISTE D'ECONOM. ET D'ADMIN. DE 1ER GR. | B11: 28/05/2025 | C11: 27/06/2025 | D11: 6 | E11: 300 | F11: 1800 | G11: 0 | H11: 1800 | I11: K 209741 | J11: SBAYJI | K11: MOHAMMED SAID | L11: 57611 | M11: VIR | N11: RIB | O11: =IF(L11="","",VLOOKUP(L11,'RIB 1'!A5:F9980,3,0)) -> 164 | P11: =IF(L11="","",VLOOKUP(L11,'RIB 1'!A5:F9980,4,0)) -> 640 | Q11: =IF(L11="","",VLOOKUP(L11,'RIB 1'!A5:F9980,5,0)) -> 2111153307550003 | R11: =IF(L11="","",VLOOKUP(L11,'RIB 1'!A5:F9980,6,0)) -> 46 | S11: FRAIS_CORRECTION
A12: SPECIALISTE D'ECONOM. ET D'ADMIN. DE 1ER GR. | B12: 28/05/2025 | C12: 27/06/2025 | D12: 6 | E12: 300 | F12: 1800 | G12: 0 | H12: 1800 | I12: K 239856 | J12: CHARAB | K12: BADREDDINE | L12: 55990 | M12: VIR | N12: RIB | O12: =IF(L12="","",VLOOKUP(L12,'RIB 1'!A6:F9981,3,0)) -> 164 | P12: =IF(L12="","",VLOOKUP(L12,'RIB 1'!A6:F9981,4,0)) -> 640 | Q12: =IF(L12="","",VLOOKUP(L12,'RIB 1'!A6:F9981,5,0)) -> 2111133277330008 | R12: =IF(L12="","",VLOOKUP(L12,'RIB 1'!A6:F9981,6,0)) -> 51 | S12: FRAIS_CORRECTION
A13: ADJOINT PEDAGOGIQUE DE 4EME GRADE | B13: 28/05/2025 | C13: 27/06/2025 | D13: 6 | E13: 300 | F13: 1800 | G13: 0 | H13: 1800 | I13: K 230978 | J13: CHEOUATI | K13: AHMED | L13: 1403729 | M13: VIR | N13: RIB | O13: =IF(L13="","",VLOOKUP(L13,'RIB 1'!A7:F9982,3,0)) -> 164 | P13: =IF(L13="","",VLOOKUP(L13,'RIB 1'!A7:F9982,4,0)) -> 640 | Q13: =IF(L13="","",VLOOKUP(L13,'RIB 1'!A7:F9982,5,0)) -> 2111133319680014 | R13: =IF(L13="","",VLOOKUP(L13,'RIB 1'!A7:F9982,6,0)) -> 51 | S13: FRAIS_CORRECTION
A14: ADJOINT PEDAGOGIQUE DE 5EME GRADE | B14: 28/05/2025 | C14: 27/06/2025 | D14: 6 | E14: 300 | F14: 1800 | G14: 0 | H14: 1800 | I14: K 149401 | J14: MAIMOUNI | K14: MOHAMMED | L14: 1310759 | M14: VIR | N14: RIB | O14: =IF(L14="","",VLOOKUP(L14,'RIB 1'!A8:F9983,3,0)) -> 164 | P14: =IF(L14="","",VLOOKUP(L14,'RIB 1'!A8:F9983,4,0)) -> 640 | Q14: =IF(L14="","",VLOOKUP(L14,'RIB 1'!A8:F9983,5,0)) -> 2111178014970004 | R14: =IF(L14="","",VLOOKUP(L14,'RIB 1'!A8:F9983,6,0)) -> 13 | S14: FRAIS_CORRECTION
A15: ADJOINT PEDAGOGIQUE DE 4EME GRADE | B15: 28/05/2025 | C15: 27/06/2025 | D15: 6 | E15: 300 | F15: 1800 | G15: 0 | H15: 1800 | I15: K 251744 | J15: BELHADRI | K15: MAROUANE | L15: 1398949 | M15: VIR | N15: RIB | O15: =IF(L15="","",VLOOKUP(L15,'RIB 1'!A9:F9984,3,0)) -> 230 | P15: =IF(L15="","",VLOOKUP(L15,'RIB 1'!A9:F9984,4,0)) -> 640 | Q15: =IF(L15="","",VLOOKUP(L15,'RIB 1'!A9:F9984,5,0)) -> 5589759211011800 | R15: =IF(L15="","",VLOOKUP(L15,'RIB 1'!A9:F9984,6,0)) -> 78 | S15: FRAIS_CORRECTION
A16: ADJOINT PEDAGOGIQUE DE 4EME GRADE | B16: 28/05/2025 | C16: 27/06/2025 | D16: 6 | E16: 300 | F16: 1800 | G16: 0 | H16: 1800 | I16: K 176035 | J16: AOUDAIR | K16: MOHAMED | L16: 1310711 | M16: VIR | N16: RIB | O16: =IF(L16="","",VLOOKUP(L16,'RIB 1'!A10:F9985,3,0)) -> 164 | P16: =IF(L16="","",VLOOKUP(L16,'RIB 1'!A10:F9985,4,0)) -> 640 | Q16: =IF(L16="","",VLOOKUP(L16,'RIB 1'!A10:F9985,5,0)) -> 2111133175420000 | R16: =IF(L16="","",VLOOKUP(L16,'RIB 1'!A10:F9985,6,0)) -> 43 | S16: FRAIS_CORRECTION
A17: PROF. DE L'ENS. SECOND. COLLEGIAL 1ER GR. | B17: 28/05/2025 | C17: 27/06/2025 | D17: 4 | E17: 300 | F17: 1200 | G17: 0 | H17: 1200 | I17: UB74512 | J17: MIDOUL | K17: KARIM | L17: 1755082 | M17: VIR | N17: RIB | O17: =IF(L17="","",VLOOKUP(L17,'RIB 1'!A11:F9986,3,0)) -> 164 | P17: =IF(L17="","",VLOOKUP(L17,'RIB 1'!A11:F9986,4,0)) -> 640 | Q17: =IF(L17="","",VLOOKUP(L17,'RIB 1'!A11:F9986,5,0)) -> 2111100196790000 | R17: =IF(L17="","",VLOOKUP(L17,'RIB 1'!A11:F9986,6,0)) -> 30 | S17: FRAIS_CORRECTION
A18: PROF. DE L'ENS. SECOND. COLLEGIAL 2EME GR. | B18: 28/05/2025 | C18: 27/06/2025 | D18: 4 | E18: 300 | F18: 1200 | G18: 0 | H18: 1200 | I18: R 289153 | J18: BALAH | K18: MOHAMED | L18: 1686652 | M18: VIR | N18: RIB | O18: =IF(L18="","",VLOOKUP(L18,'RIB 1'!A12:F9987,3,0)) -> 164 | P18: =IF(L18="","",VLOOKUP(L18,'RIB 1'!A12:F9987,4,0)) -> 640 | Q18: =IF(L18="","",VLOOKUP(L18,'RIB 1'!A12:F9987,5,0)) -> 2111140850920006 | R18: =IF(L18="","",VLOOKUP(L18,'RIB 1'!A12:F9987,6,0)) -> 31 | S18: FRAIS_CORRECTION
... A26: PROF. DE L'ENS. SECOND. COLLEGIAL 1ER GR. | B26: 28/05/2025 | C26: 27/06/2025 | D26: 6 | E26: 300 | F26: 1800 | G26: 0 | H26: 1800 | I26: C 625277 | J26: MAMAD | K26: BRAHIM | L26: 57348 | M26: VIR | N26: RIB | O26: =IF(L26="","",VLOOKUP(L26,'RIB 1'!A20:F9995,3,0)) -> 164 | P26: =IF(L26="","",VLOOKUP(L26,'RIB 1'!A20:F9995,4,0)) -> 640 | Q26: =IF(L26="","",VLOOKUP(L26,'RIB 1'!A20:F9995,5,0)) -> 2111139303560005 | R26: =IF(L26="","",VLOOKUP(L26,'RIB 1'!A20:F9995,6,0)) -> 19 | S26: FRAIS_CORRECTION
A27: PROF. DE L'ENS. SECOND. COLLEGIAL 1ER GR. | B27: 28/05/2025 | C27: 27/06/2025 | D27: 6 | E27: 300 | F27: 1800 | G27: 0 | H27: 1800 | I27: K 214828 | J27: ROUDANI | K27: ABDELAZIZ | L27: 1045515 | M27: VIR | N27: RIB | O27: 362 | P27: 640 | Q27: 0011112000806128 | R27: 85 | S27: FRAIS_CORRECTION
A28: PROF. DE L'ENS. SECOND. QUALIFIE GR. PRINCIPAL | B28: 28/05/2025 | C28: 27/06/2025 | D28: 6 | E28: 300 | F28: 1800 | G28: 0 | H28: 1800 | I28: GB2274 | J28: EL MESBAHI | K28: ABDELMAJID | L28: 776186 | M28: VIR | N28: RIB | O28: =IF(L28="","",VLOOKUP(L28,'RIB 1'!A22:F9997,3,0)) -> 011 | P28: =IF(L28="","",VLOOKUP(L28,'RIB 1'!A22:F9997,4,0)) -> 640 | Q28: =IF(L28="","",VLOOKUP(L28,'RIB 1'!A22:F9997,5,0)) -> 0000082000001559 | R28: =IF(L28="","",VLOOKUP(L28,'RIB 1'!A22:F9997,6,0)) -> 54 | S28: FRAIS_CORRECTION
A29: ADJOINT PEDAGOGIQUE DE 4EME GRADE | B29: 28/05/2025 | C29: 27/06/2025 | D29: 6 | E29: 300 | F29: 1800 | G29: 0 | H29: 1800 | I29: K 160477 | J29: MAIMOUNI | K29: MALIKA | L29: 1441505 | M29: VIR | N29: RIB | O29: =IF(L29="","",VLOOKUP(L29,'RIB 1'!A23:F9998,3,0)) -> 007 | P29: =IF(L29="","",VLOOKUP(L29,'RIB 1'!A23:F9998,4,0)) -> 640 | Q29: =IF(L29="","",VLOOKUP(L29,'RIB 1'!A23:F9998,5,0)) -> 0002448000306754 | R29: =IF(L29="","",VLOOKUP(L29,'RIB 1'!A23:F9998,6,0)) -> 66 | S29: FRAIS_CORRECTION

Sheet base
A1: PPR | B1: CIN | C1: NOML | D1: NOM_FR | E1: PRENOM_FR | F1: GRADE FR | G1: GRADE | H1: ECHELON | I1: INDICE | J1: TX IR
A2: 78535 | B2: CB28999 | C2: BOUCHRA NAIM | D2: NAIM | E2: BOUCHRA | F2: ADMINISTRATEUR DE 1ER GRADE | G2: 1 | H2: 1 | I2: 704 | J2: 0.34
A3: 730373 | B3: E 147469 | C3: FATIHA NHOU | D3: NHOU | E3: FATIHA | F3: REDACTEUR 1ER GRADE | G3: 1 | H3: 10 | I3: 639 | J3: 0.38
A4: 838519 | B4: BE96831 | C4: RABIA EDDAHABI | D4: EDDAHABI | E4: RABIA | F4: ADMINISTRATEUR DE 2ER GRADE | G4: 2 | H4: 10 | I4: 639 | J4: 0.34
A5: 838738 | B5: AB100528 | C5: KAMAL CHIBOUB | D5: CHIBOUB | E5: KAMAL | F5: ADMINISTRATEUR DE 1ER GRADE | G5: 1 | H5: 1 | I5: 704 | J5: 0.34
A6: 1048405 | B6: LB47808 | C6: TAHRIOUI RACHID | D6: TAHRIOUI | E6: RACHID | F6: PROF. DE L'ENS. SECOND. QUALIFIE GR. PRINCIPAL | G6: HE | H6: 4 | I6: 812 | J6: 0.38
A7: 1053154 | B7: LF3058 | C7: BENYAYA KHADIJA | D7: BEN YAYA | E7: KHADIJA | F7: PROF. DE L'ENS. SECOND. QUALIFIE GR. PRINCIPAL | G7: HE | H7: 3 | I7: 779 | J7: 0.38
A8: 1080686 | B8: X 70694 | C8: SALAH ROCHDI | D8: ROCHDI | E8: SALAH | F8: SPECIALISTE D'ECONOM. ET D'ADMIN. DE 2EME GR. | G8: 2 | H8: 9 | I8: 484 | J8: 0.34
A9: 1080688 | B9: KA9857 | C9: ASSYA GHAILAN EL KHARBACH | D9: GHAILAN EL KHARBACH | E9: ASSYA | F9: TECHNICIEN TROISIEME GRADE | G9: 2 | H9: 9 | I9: 404 | J9: 0.34
A10: 1154084 | B10: C 479848 | C10: JANATI MOHAMMED | D10: JANATI | E10: MOHAMMED | F10: PROF. DE L'ENS. SECOND. QUALIFIE GR. PRINCIPAL | G10: HE | H10: 2 | I10: 746 | J10: 0.38
A11: 1176381 | B11: KA30762 | C11: EL BOUCHTI ABDELAZIZ | D11: EL BOUCHTI | E11: ABDELAZIZ | F11: PROF. DE L'ENS. SECOND. COLLEGIAL 2EME GR. | G11: 2 | H11: 9 | I11: 484 | J11: 0.34
A12: 1243611 | B12: A 350922 | C12: HAJIBA BAIGA | D12: BAIGA | E12: HAJIBA | F12: ADJOINT PEDAGOGIQUE DE 5EME GRADE | G12: 2 | H12: 10 | I12: 262 | J12: 0.34
A13: 1243679 | B13: A 490131 | C13: RACHID EL ATTARI | D13: EL ATTARI | E13: RACHID | F13: TECHNICIEN DEUXIEME GRADE | G13: 2 | H13: 8 | I13: 456 | J13: 0.34
A14: 1243680 | B14: E 442797 | C14: YOUSSEF EL MERSI | D14: EL MERSI | E14: YOUSSEF | F14: TECHNICIEN DEUXIEME GRADE | G14: 2 | H14: 8 | I14: 456 | J14: 0.34
A15: 1243710 | B15: Z 166389 | C15: OMAR BOURIZK | D15: BOURIZK | E15: OMAR | F15: ADJOINT PEDAGOGIQUE DE 5EME GRADE | G15: 2 | H15: 9 | I15: 249 | J15: 0.34
A16: 1243711 | B16: KA10107 | C16: MINA TOUTI | D16: TOUTI | E16: MINA | F16: ADJOINT PEDAGOGIQUE DE 5EME GRADE | G16: 2 | H16: 9 | I16: 249 | J16: 0.34
A17: 1243714 | B17: KA5070 | C17: AMINA ADUI | D17: ADUI | E17: AMINA | F17: ADJOINT PEDAGOGIQUE DE 5EME GRADE | G17: 2 | H17: 9 | I17: 249 | J17: 0.34
A18: 1243715 | B18: C 637984 | C18: ABDLOUAHAD EL MAAROUFI | D18: EL MAAROUFI | E18: ABDELOUAHAD | F18: ADJOINT PEDAGOGIQUE DE 4EME GRADE | G18: 2 | H18: 7 | I18: 311 | J18: 0.34
A19: 1243716 | B19: P 65632 | C19: MOHAMED MARZAQUI | D19: MARZAQUI | E19: MOHAMED | F19: ADJOINT PEDAGOGIQUE DE 5EME GRADE | G19: 2 | H19: 10 | I19: 262 | J19: 0.34
A20: 1243719 | B20: K 111988 | C20: FAIZA TLIGUI | D20: TLIGUI | E20: FAIZA | F20: ADJOINT PEDAGOGIQUE DE 5EME GRADE | G20: 2 | H20: 10 | I20: 262 | J20: 0.34
A21: 1351720 | B21: X 175440 | C21: OMAR GRIJA | D21: GRIJA | E21: OMAR | F21: ADJOINT PEDAGOGIQUE DE 5EME GRADE | G21: 2 | H21: 9 | I21: 249 | J21: 0.34
A22: 1351722 | B22: X 112335 | C22: ABDELAZIZ GRIJA | D22: GRIJA | E22: ABDELAZIZ | F22: ADJOINT PEDAGOGIQUE DE 4EME GRADE | G22: 2 | H22: 8 | I22: 332 | J22: 0.34
... A25: 1351852 | B25: D 182516 | C25: MLY HAFID MAAROUFI | D25: MOULAY HAFID | E25: MAAROUFI | F25: ADJOINT PEDAGOGIQUE DE 4EME GRADE | G25: 2 | H25: 7 | I25: 311 | J25: 0.34
A26: 1410657 | B26: JB293994 | C26: OUSALAH ALI | D26: OUSALAH | E26: ALI | F26: PROF. DE L'ENS. SECOND. QUALIFIE GR. PRINCIPAL | G26: HE | H26: 1 | I26: 704 | J26: 0.38
A27: 1447725 | B27: KB23147 | C27: BEN TAIEB MONBRI ASAD | G27: 2
A28: 1495243 | B28: D 540310 | C28: 'TAGHAT KHADOUJ | D28: TAGHAT | E28: KHADOUJ | F28: SPECIALISTE D'ECONOM. ET D'ADMIN. DE 2EME GR. | G28: 2 | H28: 7 | I28: 428 | J28: 0.34
A29: 1495416 | B29: KA32499 | C29: FATIMA ZAHRAE BENABDESSADEK | D29: BENABDESSADEK | E29: FATIMA ZAHRAA | F29: ADJOINT PEDAGOGIQUE DE 5EME GRADE | G29: 2 | H29: 8 | I29: 236 | J29: 0.34
A30: 1495418 | B30: KA32974 | C30: MARYAMA BEN CHEIKH | D30: BEN-CHEIKH | E30: MARYAMA | F30: ADJOINT PEDAGOGIQUE DE 5EME GRADE | G30: 2 | H30: 8 | I30: 236 | J30: 0.34
A31: 1504127 | B31: KA32549 | C31: LAZAAR ILYASS | D31: LAZAAR | E31: ILYASS | F31: ADMINISTRATEUR PEDAGOGIQUE 1ER GRADE | G31: 1 | H31: 7 | I31: 542 | J31: 0.38
A32: 1542709 | B32: CB167116 | C32: ZERIFI ABDELAZIZ | D32: ZERIFI | E32: ABDELAZIZ | F32: PROF. DE L'ENS. SECOND. QUALIFIE GR. PRINCIPAL | G32: HE | H32: 2 | I32: 746 | J32: 0.38
A33: 1592232 | B33: K 260484 | C33: IDRISSI ABDEL KODDOUSS | D33: IDRISSI ABDEL | E33: KODDOUSS | F33: PROF. DE L'ENS. SECOND. QUALIFIE 1ER GR. | G33: 1 | H33: 7 | I33: 542 | J33: 0.38
A34: 1693093 | B34: EE234019 | C34: CHOUBHARI MOHAMED | D34: CHOUBHARI | E34: MOHAMED | F34: PROF. DE L'ENS. SECOND. COLLEGIAL 2EME GR. | G34: 2 | H34: 6 | I34: 402 | J34: 0.34
A35: 1722742 | B35: X 321466 | C35: EL ATMANI SAID | D35: EL ATMANI | E35: SAID | F35: PROF. DE L'ENS. SECOND. QUALIFIE 1ER GR. | G35: 1 | H35: 5 | I35: 472 | J35: 0.34
A36: 1756360 | B36: V 258387 | C36: AMEKAOUI SOUMIYA | D36: AMEKAOUI | E36: SOUMIYA | F36: PROF. DE L'ENS. SECOND. COLLEGIAL 2EME GR. | G36: 2 | H36: 6 | I36: 402 | J36: 0.34
A37: 1906393 | B37: OD35057 | C37: HALHOUL MHAMED | D37: HALHOUL | E37: M'HAMED | F37: PROF. DE L'ENS. SECOND. QUALIFIE 2EME GR. | G37: 2 | H37: 5 | I37: 377 | J37: 0.3
A38: 1913483 | B38: CD376801 | C38: TAKI SALMA | D38: TAKI | E38: SALMA | F38: PROF. DE L'ENS. SECOND. QUALIFIE 2EME GR. | G38: 2 | H38: 3 | I38: 326 | J38: 0.3
A39: 1914303 | B39: L 548964 | C39: MOHAMED BAZMAN | D39: BAZMAN | E39: MOHAMED | F39: PROF. AGREGE DE L'EDUCA. ET DE LA FORMA. DE 1ER GR. | G39: 1 | H39: 1 | I39: 336 | J39: 0.34
A40: 1994202 | B40: ZT118190 | C40: KARBOUB MOHAMED | D40: MOHAMED | E40: KARBOUB | F40: PROF. DE L'ENS. SECOND. QUALIFIE 2EME GR. | G40: 2 | H40: 2 | I40: 300 | J40: 0.3
A41: 2051655 | B41: U 169450 | C41: ETAIBI AYOUB | D41: ETAIBI | E41: AYOUB | F41: PROF. DE L'ENS. SECOND. QUALIFIE 2EME GR. | G41: 2 | H41: 2 | I41: 300 | J41: 0.3
A42: 2123707 | B42: GK130578 | C42: SANAE BENKHLIFA | D42: SANAE BENKHLIFA | E42: - | F42: PROF. DE L'ENS. SECOND. QUALIFIE 2EME GR. | G42: 2 | H42: 1 | I42: 275 | J42: 0.3
A43: 2123851 | B43: U 184221 | C43: SANA HAFID | D43: SANA HAFID | E43: - | F43: PROF. DE L'ENS. SECOND. QUALIFIE 2EME GR. | G43: 2 | H43: 1 | I43: 275 | J43: 0.3
A44: 2123987 | B44: UC143731 | C44: BOULANOUAR ABDELOUAHAB | D44: ABDELOUAHAB BOULANOUAR | E44: - | F44: PROF. DE L'ENS. SECOND. QUALIFIE 2EME GR. | G44: 2 | H44: 1 | I44: 275 | J44: 0.3
... A50: 2310033 | B50: T 296066 | C50: HINDE EL ANIGRI | D50: EL ANIGRI | E50: HINDE | F50: PROF. DE L'ENS. SECOND. QUALIFIE 2EME GR. | G50: 2 | H50: 1 | I50: 275 | J50: 0.3
A51: 60207 | B51: DA22738 | C51: ARARA HASSNA | D51: ARARA | E51: HASSNA | F51: PROF. DE L'ENS. SECOND. QUALIFIE GR. PRINCIPAL | G51: HE | H51: 3 | I51: 779 | J51: 0.38
A52: 77574 | B52: KA12331 | C52: STYRY FARID | D52: STYRY | E52: FARID | F52: ADJOINT PEDAGOGIQUE DE 5EME GRADE | G52: 2 | H52: 10 | I52: 262 | J52: 0.34
A53: 333956 | B53: K 81830 | C53: EL MRABIT MOHAMED | D53: EL M RABIT | E53: MOHAMED | F53: ADMINISTRATEUR PEDAGOGIQUE GRADE PRINCIPAL | G53: HE | H53: 5 | I53: 840 | J53: 0.38
A54: 347127 | B54: D 178156 | C54: LAMDERHRI MOHAMMED | D54: LAMDERHRI | E54: MOHAMMED | F54: PROF. DE L'ENS. SECOND. QUALIFIE GR. PRINCIPAL | G54: HE | H54: 5 | I54: 840 | J54: 0.38
A55: 390312 | B55: KA1469 | C55: SADRATI MOHAMED | D55: SADRATI | E55: MOHAMED | F55: ADJOINT PEDAGOGIQUE DE 5EME GRADE | G55: 2 | H55: 10 | I55: 262 | J55: 0.34
A56: 772559 | B56: KA992 | C56: EL BOUKHARI ABDELMUMEN | D56: EL BOUKHARI | E56: ABDELMUMEN | F56: PROF. DE L'ENS. SECOND. QUALIFIE GR. PRINCIPAL | G56: HE | H56: 5 | I56: 840 | J56: 0.38
A57: 772764 | B57: KA2287 | C57: EBN ESSAGHIR MOSTAFA | D57: EBN | E57: ESSAGHIR MOSTAFA | F57: PROF. DE L'ENS. SECOND. QUALIFIE GR. PRINCIPAL | G57: HE | H57: 5 | I57: 840 | J57: 0.38
A58: 837026 | B58: KA10466 | C58: ECHRIGUI ANOUAR | D58: ECHRIGUI | E58: ANOUAR | F58: PROF. DE L'ENS. SECOND. QUALIFIE GR. PRINCIPAL | G58: HE | H58: 4 | I58: 812 | J58: 0.38
A59: 881415 | B59: K 116827 | C59: SEBAITI MALIKA | D59: SEBAITI | E59: MALIKA | F59: TECHNICIEN TROISIEME GRADE | G59: 2 | H59: 10 | I59: 438 | J59: 0.34
A60: 886404 | B60: K 97416 | C60: KHAMAL FATIMA ZOHRA | D60: KHAMAL | E60: FATIMA ZOHRA | F60: PROF. DE L'ENS. SECOND. QUALIFIE GR. PRINCIPAL | G60: HE | H60: 7 | I60: 900 | J60: 0.38
A61: 987281 | B61: KA9139 | C61: EL HASSANI MOFDI | D61: EL HASSANI | E61: MOFDI | F61: PROF. DE L'ENS. SECOND. QUALIFIE GR. PRINCIPAL | G61: HE | H61: 5 | I61: 840 | J61: 0.38
A62: 1049197 | B62: KA16959 | C62: SERHAN FOUAD | D62: SERHAN | E62: FOUAD | F62: ADMINISTRATEUR PEDAGOGIQUE GRADE PRINCIPAL | G62: HE | H62: 2 | I62: 746 | J62: 0.38
A63: 1049691 | B63: L 248909 | C63: AIT ADDI ABDELILAH | D63: AIT ADDI | E63: ABDELILAH | F63: PROF. DE L'ENS. SECOND. QUALIFIE GR. PRINCIPAL | G63: HE | H63: 4 | I63: 812 | J63: 0.38
A64: 1051625 | B64: X 137094 | C64: GHAZI AMAL | D64: GHAZI | E64: AMAL | F64: PROF. DE L'ENS. SECOND. QUALIFIE GR. PRINCIPAL | G64: HE | H64: 2 | I64: 746 | J64: 0.38
A65: 1116682 | B65: KA20710 | C65: MOUCHREF RACHID | D65: MOUCHREF | E65: RACHID | F65: PROF. DE L'ENS. SECOND. QUALIFIE GR. PRINCIPAL | G65: HE | H65: 3 | I65: 779 | J65: 0.38
A66: 1261940 | B66: KA19322 | C66: MERROUN YOUSSEF | D66: MERROUN | E66: YOUSSEF | F66: PROF. DE L'ENS. SECOND. QUALIFIE GR. PRINCIPAL | G66: HE | H66: 4 | I66: 812 | J66: 0.38
A67: 1265099 | B67: LB72931 | C67: CHADDADI NOURIDIN | D67: CHADDADI | E67: NOURIDIN | F67: PROF. DE L'ENS. SECOND. QUALIFIE GR. PRINCIPAL | G67: HE | H67: 2 | I67: 746 | J67: 0.38
A68: 1276769 | B68: S 447045 | C68: BARHDADI MOUNYA | D68: BARHDADI | E68: MOUNYA | F68: PROF. DE L'ENS. SECOND. QUALIFIE GR. PRINCIPAL | G68: HE | H68: 2 | I68: 746 | J68: 0.38
A69: 1278784 | B69: KA22435 | C69: CHOUHAIBI RABIE | D69: CHOUHAIBI | E69: RABIE | F69: PROF. DE L'ENS. SECOND. QUALIFIE GR. PRINCIPAL | G69: HE | H69: 2 | I69: 746 | J69: 0.38
A70: 1281317 | B70: EE2236 | C70: MAHFODI AHMED | D70: MAHFODI | E70: AHMED | F70: PROF. DE L'ENS. SECOND. QUALIFIE 1ER GR. | G70: 1 | H70: 8 | I70: 574 | J70: 0.38
A71: 1285293 | B71: AB175841 | C71: ZERNINE IKRAM | D71: ZERNINE | E71: IKRAM | F71: PROF. DE L'ENS. SECOND. QUALIFIE 1ER GR. | G71: 1 | H71: 8 | I71: 574 | J71: 0.38
A72: 1398947 | B72: KA8933 | C72: EL IMLAHI ECHCHAER NOUREDDIN | D72: EL IMLAHI | E72: ECHCHAER NOU REDDIN | F72: ADJOINT PEDAGOGIQUE DE 4EME GRADE | G72: 2 | H72: 7 | I72: 311 | J72: 0.34
A73: 1398959 | B73: KA18518 | C73: ENOUINOU AOUATEF | D73: ENOUINOU | E73: AOUATEF | F73: ADJOINT PEDAGOGIQUE DE 5EME GRADE | G73: 2 | H73: 9 | I73: 249 | J73: 0.34
A74: 1398964 | B74: K 110910 | C74: BENALLAL MOSTAFA | D74: BENALLAL | E74: MOSTAFA | F74: ADJOINT PEDAGOGIQUE DE 5EME GRADE | G74: 2 | H74: 9 | I74: 249 | J74: 0.34
A75: 1404625 | B75: C 949684 | C75: DANI JAMILA | D75: DANI | E75: JAMILA | F75: PROF. DE L'ENS. SECOND. QUALIFIE 1ER GR. | G75: 1 | H75: 7 | I75: 542 | J75: 0.38
A76: 1405632 | B76: X 140072 | C76: ESSAOUDI TOURYA | D76: ESSAOUDI | E76: TOURYA | F76: PROF. DE L'ENS. SECOND. QUALIFIE GR. PRINCIPAL | G76: HE | H76: 1 | I76: 704 | J76: 0.38
A77: 1408257 | B77: GM71961 | C77: EROUGUI ABDENNASSER | D77: EROUGUI | E77: ABDENNASSER | F77: ADMINISTRATEUR PEDAGOGIQUE 1ER GRADE | G77: 1 | H77: 7 | I77: 542 | J77: 0.38
A78: 1408680 | B78: KA34910 | C78: EL IDRISSI MOHAMMED | D78: EL IDRISSI | E78: MOHAMMED | F78: PROF. DE L'ENS. SECOND. COLLEGIAL 1ER GR. | G78: 1 | H78: 8 | I78: 574 | J78: 0.38
A79: 1410287 | B79: HA110309 | C79: EL MALQI RACHID | D79: EL MALQI | E79: RACHID | F79: PROF. DE L'ENS. SECOND. QUALIFIE 1ER GR. | G79: 1 | H79: 8 | I79: 574 | J79: 0.38
A80: 1440350 | B80: K 198776 | C80: ELFERJANI RAHMA | D80: ELFERJANI | E80: RAHMA | F80: ADJOINT PEDAGOGIQUE DE 5EME GRADE | G80: 2 | H80: 9 | I80: 249 | J80: 0.34
A81: 1446627 | B81: KA36461 | C81: HAFID RIDOUAN | D81: HAFID | E81: RIDOUAN | F81: PROF. DE L'ENS. SECOND. QUALIFIE 1ER GR. | G81: 1 | H81: 8 | I81: 574 | J81: 0.38
A82: 1447989 | B82: G 526511 | C82: HLIOUI SIHAME | D82: HLIOUI | E82: SIHAME | F82: PROF. DE L'ENS. SECOND. QUALIFIE 1ER GR. | G82: 1 | H82: 7 | I82: 542 | J82: 0.38
A83: 1504155 | B83: KA34049 | C83: MARZAK RACHID | D83: MARZAK | E83: RACHID | F83: ADMINISTRATEUR PEDAGOGIQUE 1ER GRADE | G83: 1 | H83: 7 | I83: 542 | J83: 0.38
A84: 1505223 | B84: KA31680 | C84: AZARIOUH LOUAFI | D84: AZARIOUH | E84: LOUAFI | F84: PROF. DE L'ENS. SECOND. QUALIFIE GR. PRINCIPAL | G84: HE | H84: 2 | I84: 746 | J84: 0.38
A85: 1542786 | B85: GB62510 | C85: HSINA TOURIA | D85: HSINA | E85: TOURIA | F85: PROF. DE L'ENS. SECOND. QUALIFIE 1ER GR. | G85: 1 | H85: 6 | I85: 509 | J85: 0.38
A86: 1543296 | B86: CB148630 | C86: BOUJANANE FOUAD | D86: BOUJANANE | E86: FOUAD | F86: PROF. DE L'ENS. SECOND. QUALIFIE 1ER GR. | G86: 1 | H86: 7 | I86: 542 | J86: 0.38
A87: 1544362 | B87: CD97815 | C87: RACHDI NISRINE | D87: RACHDI | E87: NISRINE | F87: PROF. DE L'ENS. SECOND. QUALIFIE 1ER GR. | G87: 1 | H87: 7 | I87: 542 | J87: 0.38
A88: 1583350 | B88: K 423796 | C88: DAHMANI NAJOUA | D88: DAHMANI | E88: NAJOUA | F88: PROF. DE L'ENS. SECOND. QUALIFIE 1ER GR. | G88: 1 | H88: 7 | I88: 542 | J88: 0.38
A89: 1585805 | B89: LB59070 | C89: ANICH JELLOUL | D89: ANICH | E89: JELLOUL | F89: PROF. DE L'ENS. SECOND. QUALIFIE 1ER GR. | G89: 1 | H89: 7 | I89: 542 | J89: 0.38
A90: 1585926 | B90: GB124253 | C90: BENGUETTE ABDENNAJI | D90: BENGUETTE | E90: ABDENNAJI | F90: PROF. DE L'ENS. SECOND. QUALIFIE 2EME GR. | G90: 2 | H90: 7 | I90: 428 | J90: 0.34
A91: 1586459 | B91: GK80270 | C91: FOUZI KADHA KHADIJA | D91: FOUZI | E91: KADHA KHADIJA | F91: PROF. DE L'ENS. SECOND. QUALIFIE 1ER GR. | G91: 1 | H91: 6 | I91: 509 | J91: 0.38
A92: 1591102 | B92: CB78930 | C92: MOUSMI ABDELGHANI | D92: MOUSMI | E92: ABDELGHANI | F92: PROF. DE L'ENS. SECOND. QUALIFIE GR. PRINCIPAL | G92: HE | H92: 1 | I92: 704 | J92: 0.38
A93: 1593464 | B93: LB83159 | C93: LAKHRIDI HAMID | D93: LAKHRIDI | E93: HAMID | F93: PROF. DE L'ENS. SECOND. QUALIFIE 2EME GR. | G93: 2 | H93: 7 | I93: 428 | J93: 0.34
A94: 1593856 | B94: G 292435 | C94: TOUZANI AMINA | D94: TOUZANI | E94: AMINA | F94: PROF. DE L'ENS. SECOND. QUALIFIE 2EME GR. | G94: 2 | H94: 7 | I94: 428 | J94: 0.34
A95: 1598238 | B95: K 390806 | C95: FIQHI NAJAT | D95: FIQHI | E95: NAJAT | F95: PROF. DE L'ENS. SECOND. QUALIFIE 1ER GR. | G95: 1 | H95: 7 | I95: 542 | J95: 0.38
A96: 1598810 | B96: P 219053 | C96: AIT NASSEUR HASSAN | D96: AIT NASSEUR | E96: HASSAN | F96: PROF. DE L'ENS. SECOND. QUALIFIE 1ER GR. | G96: 1 | H96: 6 | I96: 509 | J96: 0.38
A97: 1599414 | B97: LA103623 | C97: EL MANSOURI FATIMA | D97: EL MANSOURI | E97: FATIMA | F97: PROF. DE L'ENS. SECOND. QUALIFIE 1ER GR. | G97: 1 | H97: 6 | I97: 509 | J97: 0.38
A98: 1679231 | B98: G 454624 | C98: EL YAAGOUBI SANA | D98: EL YAAGOUBI | E98: SANA | F98: PROF. DE L'ENS. SECOND. QUALIFIE 1ER GR. | G98: 1 | H98: 6 | I98: 509 | J98: 0.38
A99: 1679628 | B99: G 287939 | C99: BARKIA KAMEL | D99: BARKIA | E99: KAMEL | F99: PROF. DE L'ENS. SECOND. QUALIFIE 1ER GR. | G99: 1 | H99: 7 | I99: 542 | J99: 0.38
A100: 1679925 | B100: C 798374 | C100: LABBAR ABDELHAK | D100: LABBAR | E100: ABDELHAK | F100: INTENDANT 1ER GRADE | G100: 1 | H100: 7 | I100: 542 | J100: 0.38
A101: 1680905 | B101: K 353140 | C101: AZILMAT AICHA | D101: AZILMAT | E101: AICHA | F101: PROF. DE L'ENS. SECOND. QUALIFIE 1ER GR. | G101: 1 | H101: 6 | I101: 509 | J101: 0.38
A102: 2109980 | B102: K 355266 | C102: LAZIZA ELAMRANI | D102: ELAMRANI | E102: LAZIZA | F102: PROF. DE L'ENS. PRIMAIRE 2EME GR. | G102: 2 | H102: 4 | I102: 351 | J102: 0.3
A103: 2110235 | B103: LG36327 | C103: OUMAIMA MAASRI | D103: MAASRI | E103: OUMAIMA | F103: PROF. DE L'ENS. PRIMAIRE 2EME GR. | G103: 2 | H103: 4 | I103: 351 | J103: 0.3
A104: 2225569 | B104: ZT116492 | C104: BOUCHRA SANDIDA | D104: SANDIDA | E104: BOUCHRA | F104: PROF. DE L'ENS. PRIMAIRE 2EME GR. | G104: 2 | H104: 3 | I104: 326 | J104: 0.3
... A165: 2264993 | B165: KA53348 | C165: FATIHA EL AOUNY | D165: EL AOUNY | E165: FATIHA | F165: PROF. DE L'ENS. SECOND. QUALIFIE 2EME GR. | G165: 2 | H165: 2 | I165: 300 | J165: 0.3
A166: 61522 | B166: LB19259 | C166: BOUQ MOHAMED | D166: BOUQ | E166: MOHAMED | F166: INSP. DES AFFAIRES FINANCIERES DE GR. PRINCIPAL | G166: HE | H166: 2 | I166: 746 | J166: 0.38
A167: 65537 | B167: G 260582 | C167: BENBRAHIM FATIMA | D167: BENBRAHIM | E167: FATIMA | F167: PROF. DE L'ENS. SECOND. QUALIFIE GR. PRINCIPAL | G167: HE | H167: 3 | I167: 779 | J167: 0.38
...

Sheet NAT
A1: Acteur Dépense | B1: Type Dépense | C1: Sous Type Dépense | D1: Loi Finance | E1: Objet Dépense | F1: Nom Signataire | G1: Prénom Signataire | H1: Date Signature | I1: (Montant)NET | J1: Mode Engagement | K1: Rubrique
A2: 0113 | B2: SALIND | C2: FRAIS_CORRECTION | D2: 2025 | E2: FRAIS DE CORRECTION EXAMEN REGIONAL 1 ER ANNEE BAC | F2: RACHID | G2: RIANE | H2: 24/06/2024 | I2: 290816 | J2: PED_GLOBAL | K2: 5212011001912015152
A6: Grade/Echelle | B6: Date début | C6: Date fin | D6: Nombre | E6: Taux | F6: Brut | G6: Retenues | H6: Montant net | I6: CIN | J6: Nom | K6: Prénom | L6: DDR | M6: Mode de paiement | N6: Type référence règlement | O6: Banque | P6: Ville | Q6: Numéoro compte Ribé | R6: Clé | S6: objet règlement | T6: Reference
A7: PROF. DE L'ENS. SECOND. QUALIFIE GR. PRINCIPAL | B7: 45803 | C7: 45819 | D7: 60 | E7: 8 | F7: 761.90476 | G7: 281.90476 | H7: 480 | I7: K 164175 | J7: EL MADANI | K7: BACHIR | L7: 743793 | M7: VIR | N7: RIB | O7: =IF(L7="","",VLOOKUP(L7,'RIB 1'!A1:F9976,3,0)) -> 230 | P7: =IF(L7="","",VLOOKUP(L7,'RIB 1'!A1:F9976,4,0)) -> 640 | Q7: =IF(L7="","",VLOOKUP(L7,'RIB 1'!A1:F9976,5,0)) -> 8576464211011800 | R7: =IF(L7="","",VLOOKUP(L7,'RIB 1'!A1:F9976,6,0)) -> 91 | S7: FRAIS_CORRECTION
A8: PROF. DE L'ENS. SECOND. QUALIFIE 2EME GR. | B8: 45803 | C8: 45819 | D8: 59 | E8: 8 | F8: 715.15152 | G8: 243.15152 | H8: 472 | I8: AB821929 | J8: BENSLIMANE | K8: HADJER | L8: 1757976 | M8: VIR | N8: RIB | O8: =IF(L8="","",VLOOKUP(L8,'RIB 1'!A2:F9977,3,0)) -> 350 | P8: =IF(L8="","",VLOOKUP(L8,'RIB 1'!A2:F9977,4,0)) -> 810 | Q8: =IF(L8="","",VLOOKUP(L8,'RIB 1'!A2:F9977,5,0)) -> 0000000006102343 | R8: =IF(L8="","",VLOOKUP(L8,'RIB 1'!A2:F9977,6,0)) -> 51 | S8: FRAIS_CORRECTION
A9: PROF. DE L'ENS. SECOND. QUALIFIE 1ER GR. | B9: 45803 | C9: 45819 | D9: 120 | E9: 8 | F9: 1523.8095 | G9: 563.80952 | H9: 960 | I9: GM79646 | J9: ZEROUAL | K9: OUSSAMA | L9: 1544261 | M9: VIR | N9: RIB | O9: =IF(L9="","",VLOOKUP(L9,'RIB 1'!A3:F9978,3,0)) -> 164 | P9: =IF(L9="","",VLOOKUP(L9,'RIB 1'!A3:F9978,4,0)) -> 640 | Q9: =IF(L9="","",VLOOKUP(L9,'RIB 1'!A3:F9978,5,0)) -> 2111199628740005 | R9: =IF(L9="","",VLOOKUP(L9,'RIB 1'!A3:F9978,6,0)) -> 68 | S9: FRAIS_CORRECTION
A10: PROF. DE L'ENS. SECOND. QUALIFIE 1ER GR. | B10: 45803 | C10: 45819 | D10: 120 | E10: 8 | F10: 1523.8095 | G10: 563.80952 | H10: 960 | I10: LB127135 | J10: HOUTTI | K10: MOHAMED | L10: 1693032 | M10: VIR | N10: RIB | O10: =IF(L10="","",VLOOKUP(L10,'RIB 1'!A4:F9979,3,0)) -> 164 | P10: =IF(L10="","",VLOOKUP(L10,'RIB 1'!A4:F9979,4,0)) -> 640 | Q10: =IF(L10="","",VLOOKUP(L10,'RIB 1'!A4:F9979,5,0)) -> 2111123269890002 | R10: =IF(L10="","",VLOOKUP(L10,'RIB 1'!A4:F9979,6,0)) -> 31 | S10: FRAIS_CORRECTION
A11: PROF. DE L'ENS. SECOND. QUALIFIE 1ER GR. | B11: 45803 | C11: 45819 | D11: 120 | E11: 8 | F11: 1454.5455 | G11: 494.54545 | H11: 960 | I11: G 428043 | J11: ESSAFI | K11: HICHAM | L11: 1722634 | M11: VIR | N11: RIB | O11: =IF(L11="","",VLOOKUP(L11,'RIB 1'!A5:F9980,3,0)) -> 007 | P11: =IF(L11="","",VLOOKUP(L11,'RIB 1'!A5:F9980,4,0)) -> 640 | Q11: =IF(L11="","",VLOOKUP(L11,'RIB 1'!A5:F9980,5,0)) -> 0004437000304069 | R11: =IF(L11="","",VLOOKUP(L11,'RIB 1'!A5:F9980,6,0)) -> 19 | S11: FRAIS_CORRECTION
A12: PROF. DE L'ENS. SECOND. QUALIFIE 2EME GR. | B12: 45803 | C12: 45819 | D12: 119 | E12: 8 | F12: 1442.4242 | G12: 490.42424 | H12: 952 | I12: KB51078 | J12: EL MAATI | K12: BOUCHTA | L12: 1546515 | M12: VIR | N12: RIB | O12: =IF(L12="","",VLOOKUP(L12,'RIB 1'!A6:F9981,3,0)) -> 360 | P12: =IF(L12="","",VLOOKUP(L12,'RIB 1'!A6:F9981,4,0)) -> 640 | Q12: =IF(L12="","",VLOOKUP(L12,'RIB 1'!A6:F9981,5,0)) -> 0000086216850027 | R12: =IF(L12="","",VLOOKUP(L12,'RIB 1'!A6:F9981,6,0)) -> 20 | S12: FRAIS_CORRECTION
A13: PROF. DE L'ENS. SECOND. QUALIFIE 2EME GR. | B13: 45803 | C13: 45819 | D13: 60 | E13: 8 | F13: 727.27273 | G13: 247.27273 | H13: 480 | I13: K 199690 | J13: TLIDI | K13: ABDELAZIZ | L13: 1689331 | M13: VIR | N13: RIB | O13: =IF(L13="","",VLOOKUP(L13,'RIB 1'!A7:F9982,3,0)) -> 230 | P13: =IF(L13="","",VLOOKUP(L13,'RIB 1'!A7:F9982,4,0)) -> 640 | Q13: =IF(L13="","",VLOOKUP(L13,'RIB 1'!A7:F9982,5,0)) -> 4647269211011800 | R13: =IF(L13="","",VLOOKUP(L13,'RIB 1'!A7:F9982,6,0)) -> 74 | S13: FRAIS_CORRECTION
A14: PROF. DE L'ENS. SECOND. QUALIFIE 2EME GR. | B14: 45803 | C14: 45819 | D14: 120 | E14: 8 | F14: 1371.4286 | G14: 411.42857 | H14: 960 | I14: HH4429 | J14: ANTAR | K14: FATIMA-EZZAHRA | L14: 1905442 | M14: VIR | N14: RIB | O14: =IF(L14="","",VLOOKUP(L14,'RIB 1'!A8:F9983,3,0)) -> 360 | P14: =IF(L14="","",VLOOKUP(L14,'RIB 1'!A8:F9983,4,0)) -> 640 | Q14: =IF(L14="","",VLOOKUP(L14,'RIB 1'!A8:F9983,5,0)) -> 0000049065490012 | R14: =IF(L14="","",VLOOKUP(L14,'RIB 1'!A8:F9983,6,0)) -> 67 | S14: FRAIS_CORRECTION
A15: PROF. DE L'ENS. SECOND. QUALIFIE 1ER GR. | B15: 45803 | C15: 45819 | D15: 120 | E15: 8 | F15: 1523.8095 | G15: 563.80952 | H15: 960 | I15: LA100494 | J15: KCHIKICH | K15: BOUCHRA | L15: 1693025 | M15: VIR | N15: RIB | O15: =IF(L15="","",VLOOKUP(L15,'RIB 1'!A9:F9984,3,0)) -> 011 | P15: =IF(L15="","",VLOOKUP(L15,'RIB 1'!A9:F9984,4,0)) -> 640 | Q15: =IF(L15="","",VLOOKUP(L15,'RIB 1'!A9:F9984,5,0)) -> 0000162000003795 | R15: =IF(L15="","",VLOOKUP(L15,'RIB 1'!A9:F9984,6,0)) -> 27 | S15: FRAIS_CORRECTION
A16: PROF. DE L'ENS. SECOND. QUALIFIE 2EME GR. | B16: 45803 | C16: 45819 | D16: 60 | E16: 8 | F16: 727.27273 | G16: 247.27273 | H16: 480 | I16: K 450414 | J16: CHOJAA | K16: MOHAMED LARBI | L16: 1722620 | M16: VIR | N16: RIB | O16: =IF(L16="","",VLOOKUP(L16,'RIB 1'!A10:F9985,3,0)) -> 021 | P16: =IF(L16="","",VLOOKUP(L16,'RIB 1'!A10:F9985,4,0)) -> 640 | Q16: =IF(L16="","",VLOOKUP(L16,'RIB 1'!A10:F9985,5,0)) -> 0000233001063597 | R16: =IF(L16="","",VLOOKUP(L16,'RIB 1'!A10:F9985,6,0)) -> 95 | S16: FRAIS_CORRECTION
A17: PROF. DE L'ENS. SECOND. QUALIFIE 2EME GR. | B17: 45803 | C17: 45819 | D17: 180 | E17: 8 | F17: 2057.1429 | G17: 617.14286 | H17: 1440 | I17: K 510659 | J17: BAKKALI | K17: GHAZOUANI MOHAMMED | L17: 1906047 | M17: VIR | N17: RIB | O17: =IF(L17="","",VLOOKUP(L17,'RIB 1'!A11:F9986,3,0)) -> 230 | P17: =IF(L17="","",VLOOKUP(L17,'RIB 1'!A11:F9986,4,0)) -> 640 | Q17: =IF(L17="","",VLOOKUP(L17,'RIB 1'!A11:F9986,5,0)) -> 7539114211006000 | R17: =IF(L17="","",VLOOKUP(L17,'RIB 1'!A11:F9986,6,0)) -> 94 | S17: FRAIS_CORRECTION
A18: PROF. DE L'ENS. SECOND. QUALIFIE 2EME GR. | B18: 45803 | C18: 45819 | D18: 120 | E18: 8 | F18: 1371.4286 | G18: 411.42857 | H18: 960 | I18: L 534627 | J18: BOUABADI | K18: YOUSRA | L18: 1966971 | M18: VIR | N18: RIB | O18: =IF(L18="","",VLOOKUP(L18,'RIB 1'!A12:F9987,3,0)) -> 164 | P18: =IF(L18="","",VLOOKUP(L18,'RIB 1'!A12:F9987,4,0)) -> 720 | Q18: =IF(L18="","",VLOOKUP(L18,'RIB 1'!A12:F9987,5,0)) -> 2111119126020007 | R18: =IF(L18="","",VLOOKUP(L18,'RIB 1'!A12:F9987,6,0)) -> 58 | S18: FRAIS_CORRECTION
... A275: PROF. DE L'ENS. SECOND. QUALIFIE GR. PRINCIPAL | B275: 45803 | C275: 45819 | D275: 119 | E275: 8 | F275: 1511.1111 | G275: 559.11111 | H275: 952 | I275: K 246379 | J275: AMTOT | K275: TOURIA | L275: 1121589 | M275: VIR | N275: RIB | O275: =IF(L275="","",VLOOKUP(L275,'RIB 1'!A269:F10244,3,0)) -> 164 | P275: =IF(L275="","",VLOOKUP(L275,'RIB 1'!A269:F10244,4,0)) -> 640 | Q275: =IF(L275="","",VLOOKUP(L275,'RIB 1'!A269:F10244,5,0)) -> 2111153272870006 | R275: =IF(L275="","",VLOOKUP(L275,'RIB 1'!A269:F10244,6,0)) -> 68 | S275: FRAIS_CORRECTION

Sheet centre 9
A1: Acteur Dépense | B1: Type Dépense | C1: Sous Type Dépense | D1: Loi Finance | E1: Objet Dépense | F1: Nom Signataire | G1: Prénom Signataire | H1: Date Signature | I1: (Montant)NET | J1: Mode Engagement | K1: Rubrique
A2: 0113 | B2: SALIND | D2: 2025 | E2: INDEMNITES POUR L'ORGANISATION DES EXAMENS ET CONCOURS 6 EME ANNEE COLLEGIAL | F2: RACHID | G2: RIANE | H2: 27/06/2025 | I2: =SUM(H7:H24) -> 30600 | J2: PED_GLOBAL | K2: 5212011001912015153
A6: Grade/Echelle | B6: Date début | C6: Date fin | D6: Nombre | E6: Taux | F6: Brut | G6: Retenues | H6: Montant net | I6: CIN | J6: Nom | K6: Prénom | L6: DDR | M6: Mode de paiement | N6: Type référence règlement | O6: Banque | P6: Ville | Q6: Numéoro compte Ribé | R6: Clé | S6: objet règlement | T6: Reference
A7: PROF. DE L'ENS. SECOND. QUALIFIE GR. PRINCIPAL | B7: 28/05/2025 | C7: 27/06/2025 | D7: 6 | E7: 300 | F7: 1800 | G7: 0 | H7: 1800 | I7: FC18719 | J7: ABDOUS | K7: HABIBA | L7: 1276705 | M7: VIR | N7: RIB | O7: =IF(L7="","",VLOOKUP(L7,'RIB 1'!A1:F9976,3,0)) -> 164 | P7: =IF(L7="","",VLOOKUP(L7,'RIB 1'!A1:F9976,4,0)) -> 640 | Q7: =IF(L7="","",VLOOKUP(L7,'RIB 1'!A1:F9976,5,0)) -> 2111134184050002 | R7: =IF(L7="","",VLOOKUP(L7,'RIB 1'!A1:F9976,6,0)) -> 11 | S7: FRAIS_CORRECTION
A8: SPECIALISTE PEDAGOGIQUE DE 2EME GR. | B8: 28/05/2025 | C8: 27/06/2025 | D8: 6 | E8: 300 | F8: 1800 | G8: 0 | H8: 1800 | I8: LA76577 | J8: JBILOU | K8: SAMIR | L8: 1680403 | M8: VIR | N8: RIB | O8: =IF(L8="","",VLOOKUP(L8,'RIB 1'!A2:F9977,3,0)) -> 007 | P8: =IF(L8="","",VLOOKUP(L8,'RIB 1'!A2:F9977,4,0)) -> 640 | Q8: =IF(L8="","",VLOOKUP(L8,'RIB 1'!A2:F9977,5,0)) -> 0004422000304570 | R8: =IF(L8="","",VLOOKUP(L8,'RIB 1'!A2:F9977,6,0)) -> 46 | S8: FRAIS_CORRECTION
A9: PROF. DE L'ENS. PRIMAIRE 1ER GR. | B9: 28/05/2025 | C9: 27/06/2025 | D9: 6 | E9: 300 | F9: 1800 | G9: 0 | H9: 1800 | I9: K 250280 | J9: EL FARGANI | K9: MOHAMED | L9: 1116474 | M9: VIR | N9: RIB | O9: =IF(L9="","",VLOOKUP(L9,'RIB 1'!A3:F9978,3,0)) -> 011 | P9: =IF(L9="","",VLOOKUP(L9,'RIB 1'!A3:F9978,4,0)) -> 640 | Q9: =IF(L9="","",VLOOKUP(L9,'RIB 1'!A3:F9978,5,0)) -> 0000072000006717 | R9: =IF(L9="","",VLOOKUP(L9,'RIB 1'!A3:F9978,6,0)) -> 53 | S9: FRAIS_CORRECTION
A10: SPECIALISTE D'ECONOM. ET D'ADMIN. DE 1ER GR. | B10: 28/05/2025 | C10: 27/06/2025 | D10: 6 | E10: 300 | F10: 1800 | G10: 0 | H10: 1800 | I10: K 259084 | J10: ABJAYOU | K10: MOHAMMED | L10: 1116506 | M10: VIR | N10: RIB | O10: =IF(L10="","",VLOOKUP(L10,'RIB 1'!A4:F9979,3,0)) -> 164 | P10: =IF(L10="","",VLOOKUP(L10,'RIB 1'!A4:F9979,4,0)) -> 640 | Q10: =IF(L10="","",VLOOKUP(L10,'RIB 1'!A4:F9979,5,0)) -> 2111155612930002 | R10: =IF(L10="","",VLOOKUP(L10,'RIB 1'!A4:F9979,6,0)) -> 13 | S10: FRAIS_CORRECTION
A11: SPECIALISTE D'ECONOM. ET D'ADMIN. DE 1ER GR. | B11: 28/05/2025 | C11: 27/06/2025 | D11: 6 | E11: 300 | F11: 1800 | G11: 0 | H11: 1800 | I11: K 209741 | J11: SBAYJI | K11: MOHAMMED SAID | L11: 57611 | M11: VIR | N11: RIB | O11: =IF(L11="","",VLOOKUP(L11,'RIB 1'!A5:F9980,3,0)) -> 164 | P11: =IF(L11="","",VLOOKUP(L11,'RIB 1'!A5:F9980,4,0)) -> 640 | Q11: =IF(L11="","",VLOOKUP(L11,'RIB 1'!A5:F9980,5,0)) -> 2111153307550003 | R11: =IF(L11="","",VLOOKUP(L11,'RIB 1'!A5:F9980,6,0)) -> 46 | S11: FRAIS_CORRECTION
A12: SPECIALISTE D'ECONOM. ET D'ADMIN. DE 1ER GR. | B12: 28/05/2025 | C12: 27/06/2025 | D12: 6 | E12: 300 | F12: 1800 | G12: 0 | H12: 1800 | I12: K 239856 | J12: CHARAB | K12: BADREDDINE | L12: 55990 | M12: VIR | N12: RIB | O12: =IF(L12="","",VLOOKUP(L12,'RIB 1'!A6:F9981,3,0)) -> 164 | P12: =IF(L12="","",VLOOKUP(L12,'RIB 1'!A6:F9981,4,0)) -> 640 | Q12: =IF(L12="","",VLOOKUP(L12,'RIB 1'!A6:F9981,5,0)) -> 2111133277330008 | R12: =IF(L12="","",VLOOKUP(L12,'RIB 1'!A6:F9981,6,0)) -> 51 | S12: FRAIS_CORRECTION
A13: ADJOINT PEDAGOGIQUE DE 4EME GRADE | B13: 28/05/2025 | C13: 27/06/2025 | D13: 6 | E13: 300 | F13: 1800 | G13: 0 | H13: 1800 | I13: K 230978 | J13: CHEOUATI | K13: AHMED | L13: 1403729 | M13: VIR | N13: RIB | O13: =IF(L13="","",VLOOKUP(L13,'RIB 1'!A7:F9982,3,0)) -> 164 | P13: =IF(L13="","",VLOOKUP(L13,'RIB 1'!A7:F9982,4,0)) -> 640 | Q13: =IF(L13="","",VLOOKUP(L13,'RIB 1'!A7:F9982,5,0)) -> 2111133319680014 | R13: =IF(L13="","",VLOOKUP(L13,'RIB 1'!A7:F9982,6,0)) -> 51 | S13: FRAIS_CORRECTION
A14: ADJOINT PEDAGOGIQUE DE 5EME GRADE | B14: 28/05/2025 | C14: 27/06/2025 | D14: 4 | E14: 300 | F14: 1200 | G14: 0 | H14: 1200 | I14: K 149401 | J14: MAIMOUNI | K14: MOHAMMED | L14: 1310759 | M14: VIR | N14: RIB | O14: =IF(L14="","",VLOOKUP(L14,'RIB 1'!A8:F9983,3,0)) -> 164 | P14: =IF(L14="","",VLOOKUP(L14,'RIB 1'!A8:F9983,4,0)) -> 640 | Q14: =IF(L14="","",VLOOKUP(L14,'RIB 1'!A8:F9983,5,0)) -> 2111178014970004 | R14: =IF(L14="","",VLOOKUP(L14,'RIB 1'!A8:F9983,6,0)) -> 13 | S14: FRAIS_CORRECTION
A15: ADJOINT PEDAGOGIQUE DE 4EME GRADE | B15: 28/05/2025 | C15: 27/06/2025 | D15: 4 | E15: 300 | F15: 1200 | G15: 0 | H15: 1200 | I15: K 251744 | J15: BELHADRI | K15: MAROUANE | L15: 1398949 | M15: VIR | N15: RIB | O15: =IF(L15="","",VLOOKUP(L15,'RIB 1'!A9:F9984,3,0)) -> 230 | P15: =IF(L15="","",VLOOKUP(L15,'RIB 1'!A9:F9984,4,0)) -> 640 | Q15: =IF(L15="","",VLOOKUP(L15,'RIB 1'!A9:F9984,5,0)) -> 5589759211011800 | R15: =IF(L15="","",VLOOKUP(L15,'RIB 1'!A9:F9984,6,0)) -> 78 | S15: FRAIS_CORRECTION
A16: ADJOINT PEDAGOGIQUE DE 4EME GRADE | B16: 28/05/2025 | C16: 27/06/2025 | D16: 4 | E16: 300 | F16: 1200 | G16: 0 | H16: 1200 | I16: K 176035 | J16: AOUDAIR | K16: MOHAMED | L16: 1310711 | M16: VIR | N16: RIB | O16: =IF(L16="","",VLOOKUP(L16,'RIB 1'!A10:F9985,3,0)) -> 164 | P16: =IF(L16="","",VLOOKUP(L16,'RIB 1'!A10:F9985,4,0)) -> 640 | Q16: =IF(L16="","",VLOOKUP(L16,'RIB 1'!A10:F9985,5,0)) -> 2111133175420000 | R16: =IF(L16="","",VLOOKUP(L16,'RIB 1'!A10:F9985,6,0)) -> 43 | S16: FRAIS_CORRECTION
A17: ADMINISTRATEUR DE L’EDUCA. NAT. DE GR. PRINCIPAL | B17: 28/05/2025 | C17: 27/06/2025 | D17: 6 | E17: 300 | F17: 1800 | G17: 0 | H17: 1800 | I17: K 200805 | J17: BEN KADUR | K17: EL MOSTAFA | L17: 63702 | M17: VIR | N17: RIB | O17: =IF(L17="","",VLOOKUP(L17,'RIB 1'!A11:F9986,3,0)) -> 230 | P17: =IF(L17="","",VLOOKUP(L17,'RIB 1'!A11:F9986,4,0)) -> 640 | Q17: =IF(L17="","",VLOOKUP(L17,'RIB 1'!A11:F9986,5,0)) -> 7259971211006000 | R17: =IF(L17="","",VLOOKUP(L17,'RIB 1'!A11:F9986,6,0)) -> 76 | S17: FRAIS_CORRECTION
A18: SPECIALISTE PEDAGOGIQUE DE 2EME GR. | B18: 28/05/2025 | C18: 27/06/2025 | D18: 6 | E18: 300 | F18: 1800 | G18: 0 | H18: 1800 | I18: JC369603 | J18: AIT HMMADI | K18: MOHAMED | L18: 1680411 | M18: VIR | N18: RIB | O18: =IF(L18="","",VLOOKUP(L18,'RIB 1'!A12:F9987,3,0)) -> 350 | P18: =IF(L18="","",VLOOKUP(L18,'RIB 1'!A12:F9987,4,0)) -> 810 | Q18: =IF(L18="","",VLOOKUP(L18,'RIB 1'!A12:F9987,5,0)) -> 0000000001815687 | R18: =IF(L18="","",VLOOKUP(L18,'RIB 1'!A12:F9987,6,0)) -> 50 | S18: FRAIS_CORRECTION
... A24: PROF. DE L'ENS. SECOND. COLLEGIAL 1ER GR. | B24: 28/05/2025 | C24: 27/06/2025 | D24: 6 | E24: 300 | F24: 1800 | G24: 0 | H24: 1800 | I24: K 214828 | J24: ROUDANI | K24: ABDELAZIZ | L24: 1045515 | M24: VIR | N24: RIB | O24: =IF(L24="","",VLOOKUP(L24,'RIB 1'!A18:F9993,3,0)) -> 362 | P24: =IF(L24="","",VLOOKUP(L24,'RIB 1'!A18:F9993,4,0)) -> 640 | Q24: =IF(L24="","",VLOOKUP(L24,'RIB 1'!A18:F9993,5,0)) -> 0011112000806128 | R24: =IF(L24="","",VLOOKUP(L24,'RIB 1'!A18:F9993,6,0)) -> 85 | S24: FRAIS_CORRECTION

Sheet liate5
A1: Acteur Dépense | B1: Type Dépense | C1: Sous Type Dépense | D1: Loi Finance | E1: Objet Dépense | F1: Nom Signataire | G1: Prénom Signataire | H1: Date Signature | I1: (Montant)NET | J1: Mode Engagement | K1: Rubrique
A2: 0113 | B2: SALIND | C2: IND_SUPP | D2: 2026 | E2: INDEMNITE HORAIRE POUR TRAVAUX SUPPLEMENTAIRES - SOUTIEN SCOLAIRE Liste N°=14 | F2: RACHID | G2: RIANE | I2: =SUM(H7:H107) -> 355312.53 | J2: PED_GLOBAL | K2: 5212011001912013321
A6: Grade/Echelle | B6: Date début | C6: Date fin | D6: Nombre | E6: Taux | F6: Brut | G6: Retenues | H6: Montant net | I6: CIN | J6: Nom | K6: Prénom | L6: DDR | M6: Mode de paiement | N6: Type référence règlement | O6: RIB | P6: Banque | Q6: Ville | R6: Numéoro compte Ribé | S6: Clé | T6: objet règlement | U6: Reference | V6: Nom & Prénom
A7: PROF. DE L'ENS. PRIMAIRE 2EME GR. | B7: 02/01/2026 | C7: 30/06/2026 | D7: 28 | E7: 159 | F7: 4452 | G7: 1513.68 | H7: 2938.32 | I7: K 340095 | J7: =X7 -> RABHIOUI | K7: =Y7 -> ATIKA | L7: 1239069 | M7: VIR | N7: RIB | O7: 360640000003489265001435 | P7: =LEFT(O7,3) -> 360 | Q7: =RIGHT(LEFTB(O7,6),3) -> 640 | R7: =RIGHT(LEFTB(O7,22),16) -> 0000034892650014 | S7: =RIGHT(O7,2) -> 35 | T7: IND_SUPP | U7: IND_SUPP | V7: RABHIOUI ATIKA | W7: 1 | X7: =LEFT(V7,SEARCH(" ",V7)-1) -> RABHIOUI | Y7: =IFERROR(MID(TRIM(V7),SEARCH(" ",TRIM(V7))+1,999),"") -> ATIKA
A8: PROF. DE L'ENS. PRIMAIRE 1ER GR. | B8: 02/01/2026 | C8: 30/06/2026 | D8: 28 | E8: 159 | F8: 4452 | G8: 1647.24 | H8: 2804.76 | I8: K 175922 | J8: =X8 -> ROUDANI | K8: =Y8 -> RACHID | L8: 749492 | M8: VIR | N8: RIB | O8: 164640211113331605000582 | P8: =LEFT(O8,3) -> 164 | Q8: =RIGHT(LEFTB(O8,6),3) -> 640 | R8: =RIGHT(LEFTB(O8,22),16) -> 2111133316050005 | S8: =RIGHT(O8,2) -> 82 | T8: IND_SUPP | U8: IND_SUPP | V8: ROUDANI RACHID | W8: 2 | X8: =LEFT(V8,SEARCH(" ",V8)-1) -> ROUDANI | Y8: =IFERROR(MID(TRIM(V8),SEARCH(" ",TRIM(V8))+1,999),"") -> RACHID
A9: PROF. DE L'ENS. PRIMAIRE 1ER GR. | B9: 02/01/2026 | C9: 30/06/2026 | D9: 24 | E9: 159 | F9: 3816 | G9: 1411.92 | H9: 2404.08 | I9: GK48612 | J9: =X9 -> AHDI | K9: =Y9 -> ABDELFETTAH | L9: 1120532 | M9: VIR | N9: RIB | O9: 230640509097421102800033 | P9: =LEFT(O9,3) -> 230 | Q9: =RIGHT(LEFTB(O9,6),3) -> 640 | R9: =RIGHT(LEFTB(O9,22),16) -> 5090974211028000 | S9: =RIGHT(O9,2) -> 33 | T9: IND_SUPP | U9: IND_SUPP | V9: AHDI ABDELFETTAH | W9: 3 | X9: =LEFT(V9,SEARCH(" ",V9)-1) -> AHDI | Y9: =IFERROR(MID(TRIM(V9),SEARCH(" ",TRIM(V9))+1,999),"") -> ABDELFETTAH
A10: PROF. DE L'ENS. PRIMAIRE 2EME GR. | B10: 02/01/2026 | C10: 30/06/2026 | D10: 8 | E10: 159 | F10: 1272 | G10: 432.48 | H10: 839.52 | I10: K 340095 | J10: =X10 -> RABHIOUI | K10: =Y10 -> ATIKA | L10: 1239069 | M10: VIR | N10: RIB | O10: 360640000003489265001435 | P10: =LEFT(O10,3) -> 360 | Q10: =RIGHT(LEFTB(O10,6),3) -> 640 | R10: =RIGHT(LEFTB(O10,22),16) -> 0000034892650014 | S10: =RIGHT(O10,2) -> 35 | T10: IND_SUPP | U10: IND_SUPP | V10: RABHIOUI ATIKA | W10: 4 | X10: =LEFT(V10,SEARCH(" ",V10)-1) -> RABHIOUI | Y10: =IFERROR(MID(TRIM(V10),SEARCH(" ",TRIM(V10))+1,999),"") -> ATIKA
A11: PROF. DE L'ENS. PRIMAIRE 1ER GR. | B11: 02/01/2026 | C11: 30/06/2026 | D11: 8 | E11: 159 | F11: 1272 | G11: 470.64 | H11: 801.36 | I11: K 175922 | J11: =X11 -> ROUDANI | K11: =Y11 -> RACHID | L11: 749492 | M11: VIR | N11: RIB | O11: 164640211113331605000582 | P11: =LEFT(O11,3) -> 164 | Q11: =RIGHT(LEFTB(O11,6),3) -> 640 | R11: =RIGHT(LEFTB(O11,22),16) -> 2111133316050005 | S11: =RIGHT(O11,2) -> 82 | T11: IND_SUPP | U11: IND_SUPP | V11: ROUDANI RACHID | W11: 5 | X11: =LEFT(V11,SEARCH(" ",V11)-1) -> ROUDANI | Y11: =IFERROR(MID(TRIM(V11),SEARCH(" ",TRIM(V11))+1,999),"") -> RACHID
A12: PROF. DE L'ENS. PRIMAIRE 1ER GR. | B12: 02/01/2026 | C12: 30/06/2026 | D12: 10 | E12: 159 | F12: 1590 | G12: 588.3 | H12: 1001.7 | I12: GK48612 | J12: =X12 -> AHDI | K12: =Y12 -> ABDELFETTAH | L12: 1120532 | M12: VIR | N12: RIB | O12: 230640509097421102800033 | P12: =LEFT(O12,3) -> 230 | Q12: =RIGHT(LEFTB(O12,6),3) -> 640 | R12: =RIGHT(LEFTB(O12,22),16) -> 5090974211028000 | S12: =RIGHT(O12,2) -> 33 | T12: IND_SUPP | U12: IND_SUPP | V12: AHDI ABDELFETTAH | W12: 6 | X12: =LEFT(V12,SEARCH(" ",V12)-1) -> AHDI | Y12: =IFERROR(MID(TRIM(V12),SEARCH(" ",TRIM(V12))+1,999),"") -> ABDELFETTAH
A13: PROF. DE L'ENS. PRIMAIRE 1ER GR. | B13: 02/01/2026 | C13: 30/06/2026 | D13: 14 | E13: 159 | F13: 2226 | G13: 823.62 | H13: 1402.38 | I13: K 180147 | J13: =X13 -> ER-RAMACH | K13: =Y13 -> RAJAE | L13: 63001 | M13: VIR | N13: RIB | O13: 164640211113328100000157 | P13: =LEFT(O13,3) -> 164 | Q13: =RIGHT(LEFTB(O13,6),3) -> 640 | R13: =RIGHT(LEFTB(O13,22),16) -> 2111133281000001 | S13: =RIGHT(O13,2) -> 57 | T13: IND_SUPP | U13: IND_SUPP | V13: ER-RAMACH RAJAE | W13: 7 | X13: =LEFT(V13,SEARCH(" ",V13)-1) -> ER-RAMACH | Y13: =IFERROR(MID(TRIM(V13),SEARCH(" ",TRIM(V13))+1,999),"") -> RAJAE
A14: PROF. DE L'ENS. PRIMAIRE 1ER GR. | B14: 02/01/2026 | C14: 30/06/2026 | D14: 16 | E14: 159 | F14: 2544 | G14: 941.28 | H14: 1602.72 | I14: C 384130 | J14: =X14 -> BENSLIMANE | K14: =Y14 -> LATIFA | L14: 719665 | M14: VIR | N14: RIB | O14: 164640211113326834000874 | P14: =LEFT(O14,3) -> 164 | Q14: =RIGHT(LEFTB(O14,6),3) -> 640 | R14: =RIGHT(LEFTB(O14,22),16) -> 2111133268340008 | S14: =RIGHT(O14,2) -> 74 | T14: IND_SUPP | U14: IND_SUPP | V14: BENSLIMANE LATIFA | W14: 8 | X14: =LEFT(V14,SEARCH(" ",V14)-1) -> BENSLIMANE | Y14: =IFERROR(MID(TRIM(V14),SEARCH(" ",TRIM(V14))+1,999),"") -> LATIFA
A15: PROF. DE L'ENS. PRIMAIRE 2EME GR. | B15: 02/01/2026 | C15: 30/06/2026 | D15: 30 | E15: 159 | F15: 4770 | G15: 1621.8 | H15: 3148.2 | I15: GB209516 | J15: =X15 -> SERHANE | K15: =Y15 -> SOUKAINA | L15: 191287 | M15: VIR | N15: RIB | O15: 007353000232800030784835 | P15: =LEFT(O15,3) -> 007 | Q15: =RIGHT(LEFTB(O15,6),3) -> 353 | R15: =RIGHT(LEFTB(O15,22),16) -> 0002328000307848 | S15: =RIGHT(O15,2) -> 35 | T15: IND_SUPP | U15: IND_SUPP | V15: SERHANE SOUKAINA | W15: 9 | X15: =LEFT(V15,SEARCH(" ",V15)-1) -> SERHANE | Y15: =IFERROR(MID(TRIM(V15),SEARCH(" ",TRIM(V15))+1,999),"") -> SOUKAINA
A16: PROF. DE L'ENS. PRIMAIRE 1ER GR. | B16: 02/01/2026 | C16: 30/06/2026 | D16: 32 | E16: 159 | F16: 5088 | G16: 1882.56 | H16: 3205.44 | I16: K 333353 | J16: =X16 -> EL-MANSOURI | K16: =Y16 -> MOHAMED | L16: 1173778 | M16: VIR | N16: RIB | O16: 164640211115334194000419 | P16: =LEFT(O16,3) -> 164 | Q16: =RIGHT(LEFTB(O16,6),3) -> 640 | R16: =RIGHT(LEFTB(O16,22),16) -> 2111153341940004 | S16: =RIGHT(O16,2) -> 19 | T16: IND_SUPP | U16: IND_SUPP | V16: EL-MANSOURI MOHAMED | W16: 10 | X16: =LEFT(V16,SEARCH(" ",V16)-1) -> EL-MANSOURI | Y16: =IFERROR(MID(TRIM(V16),SEARCH(" ",TRIM(V16))+1,999),"") -> MOHAMED
A17: PROF. DE L'ENS. PRIMAIRE 2EME GR. | B17: 02/01/2026 | C17: 30/06/2026 | D17: 32 | E17: 159 | F17: 5088 | G17: 1729.92 | H17: 3358.08 | I17: KB98296 | J17: =X17 -> MOHAMED | K17: =Y17 -> EL IMRANI | L17: 2109966 | M17: VIR | N17: RIB | O17: 164640211112806651000361 | P17: =LEFT(O17,3) -> 164 | Q17: =RIGHT(LEFTB(O17,6),3) -> 640 | R17: =RIGHT(LEFTB(O17,22),16) -> 2111128066510003 | S17: =RIGHT(O17,2) -> 61 | T17: IND_SUPP | U17: IND_SUPP | V17: MOHAMED EL IMRANI | W17: 11 | X17: =LEFT(V17,SEARCH(" ",V17)-1) -> MOHAMED | Y17: =IFERROR(MID(TRIM(V17),SEARCH(" ",TRIM(V17))+1,999),"") -> EL IMRANI
A18: PROF. DE L'ENS. PRIMAIRE 2EME GR. | B18: 02/01/2026 | C18: 30/06/2026 | D18: 12 | E18: 159 | F18: 1908 | G18: 648.72 | H18: 1259.28 | I18: C 755946 | J18: =X18 -> SOUAD | K18: =Y18 -> CHERGUI GUENNOUNI | L18: 2155380 | M18: VIR | N18: RIB | O18: 350810000000000132977570 | P18: =LEFT(O18,3) -> 350 | Q18: =RIGHT(LEFTB(O18,6),3) -> 810 | R18: =RIGHT(LEFTB(O18,22),16) -> 0000000001329775 | S18: =RIGHT(O18,2) -> 70 | T18: IND_SUPP | U18: IND_SUPP | V18: SOUAD CHERGUI GUENNOUNI | W18: 12 | X18: =LEFT(V18,SEARCH(" ",V18)-1) -> SOUAD | Y18: =IFERROR(MID(TRIM(V18),SEARCH(" ",TRIM(V18))+1,999),"") -> CHERGUI GUENNOUNI
... A107: PROF. DE L'ENS. PRIMAIRE 1ER GR. | B107: 02/01/2026 | C107: 30/06/2026 | D107: 24 | E107: 159 | F107: 3816 | G107: 1411.92 | H107: 2404.08 | I107: K 155487 | J107: =X107 -> BENTRIA | K107: =Y107 -> DALIL ANISSA | L107: 769868 | M107: VIR | N107: RIB | O107: 164640211113317453000797 | P107: =LEFT(O107,3) -> 164 | Q107: =RIGHT(LEFTB(O107,6),3) -> 640 | R107: =RIGHT(LEFTB(O107,22),16) -> 2111133174530007 | S107: =RIGHT(O107,2) -> 97 | T107: IND_SUPP | U107: IND_SUPP | V107: BENTRIA DALIL ANISSA | W107: 101 | X107: =LEFT(V107,SEARCH(" ",V107)-1) -> BENTRIA | Y107: =IFERROR(MID(TRIM(V107),SEARCH(" ",TRIM(V107))+1,999),"") -> DALIL ANISSA

Sheet RIB 1
A1: SOM | B1: NUMERO DE COMPTE | C1: Banque | D1: Ville | E1: Numéoro compte Ribé | F1: Clé
A2: 125 | C2: =LEFT(B2,3) | D2: =RIGHT(LEFTB(B2,6),3) | E2: =RIGHT(LEFTB(B2,22),16) | F2: =RIGHT(B2,2)
A3: 326572 | B3: 164640211113315928000844 | C3: =LEFT(B3,3) -> 164 | D3: =RIGHT(LEFTB(B3,6),3) -> 640 | E3: =RIGHT(LEFTB(B3,22),16) -> 2111133159280008 | F3: =RIGHT(B3,2) -> 44
A4: 1284630 | B4: 011640000013200000364448 | C4: =LEFT(B4,3) -> 011 | D4: =RIGHT(LEFTB(B4,6),3) -> 640 | E4: =RIGHT(LEFTB(B4,22),16) -> 0000132000003644 | F4: =RIGHT(B4,2) -> 48
A5: 1279009 | B5: 164640211115332624000808 | C5: =LEFT(B5,3) -> 164 | D5: =RIGHT(LEFTB(B5,6),3) -> 640 | E5: =RIGHT(LEFTB(B5,22),16) -> 2111153326240008 | F5: =RIGHT(B5,2) -> 08
A6: 347987 | B6: 021640000013500105869950 | C6: =LEFT(B6,3) -> 021 | D6: =RIGHT(LEFTB(B6,6),3) -> 640 | E6: =RIGHT(LEFTB(B6,22),16) -> 0000135001058699 | F6: =RIGHT(B6,2) -> 50
A7: 1593280 | B7: 164640211112587654000305 | C7: =LEFT(B7,3) -> 164 | D7: =RIGHT(LEFTB(B7,6),3) -> 640 | E7: =RIGHT(LEFTB(B7,22),16) -> 2111125876540003 | F7: =RIGHT(B7,2) -> 05
A8: 1599353 | B8: 164640211112617235000607 | C8: =LEFT(B8,3) -> 164 | D8: =RIGHT(LEFTB(B8,6),3) -> 640 | E8: =RIGHT(LEFTB(B8,22),16) -> 2111126172350006 | F8: =RIGHT(B8,2) -> 07
A9: 899034 | B9: 164640211113581889000225 | C9: =LEFT(B9,3) -> 164 | D9: =RIGHT(LEFTB(B9,6),3) -> 640 | E9: =RIGHT(LEFTB(B9,22),16) -> 2111135818890002 | F9: =RIGHT(B9,2) -> 25
A10: 1546204 | B10: 164720211119878891000210 | C10: =LEFT(B10,3) -> 164 | D10: =RIGHT(LEFTB(B10,6),3) -> 720 | E10: =RIGHT(LEFTB(B10,22),16) -> 2111198788910002 | F10: =RIGHT(B10,2) -> 10
A11: 2310025 | B11: 350810000000001129898756 | C11: =LEFT(B11,3) -> 350 | D11: =RIGHT(LEFTB(B11,6),3) -> 810 | E11: =RIGHT(LEFTB(B11,22),16) -> 0000000011298987 | F11: =RIGHT(B11,2) -> 56
A12: 1690685 | B12: 164640211112464572001269 | C12: =LEFT(B12,3) -> 164 | D12: =RIGHT(LEFTB(B12,6),3) -> 640 | E12: =RIGHT(LEFTB(B12,22),16) -> 2111124645720012 | F12: =RIGHT(B12,2) -> 69
A13: 2226239 | B13: 225731005212900601010538 | C13: =LEFT(B13,3) -> 225 | D13: =RIGHT(LEFTB(B13,6),3) -> 731 | E13: =RIGHT(LEFTB(B13,22),16) -> 0052129006010105 | F13: =RIGHT(B13,2) -> 38
A14: 2155671 | B14: 350810000000000946516861 | C14: =LEFT(B14,3) -> 350 | D14: =RIGHT(LEFTB(B14,6),3) -> 810 | E14: =RIGHT(LEFTB(B14,22),16) -> 0000000009465168 | F14: =RIGHT(B14,2) -> 61
... A2246: 1503585 | B2246: 164640211119466881000850 | C2246: =LEFT(B2246,3) -> 164 | D2246: =RIGHT(LEFTB(B2246,6),3) -> 640 | E2246: =RIGHT(LEFTB(B2246,22),16) -> 2111194668810008 | F2246: =RIGHT(B2246,2) -> 50
A2247: 0 | C2247: =LEFT(B2247,3) | D2247: =RIGHT(LEFTB(B2247,6),3) | E2247: =RIGHT(LEFTB(B2247,22),16) | F2247: =RIGHT(B2247,2)
A2248: 2265406 | B2248: 350810000000001053821462 | C2248: =LEFT(B2248,3) -> 350 | D2248: =RIGHT(LEFTB(B2248,6),3) -> 810 | E2248: =RIGHT(LEFTB(B2248,22),16) -> 0000000010538214 | F2248: =RIGHT(B2248,2) -> 62
A2249: 1544046 | B2249: 362640001107801019682083 | C2249: =LEFT(B2249,3) -> 362 | D2249: =RIGHT(LEFTB(B2249,6),3) -> 640 | E2249: =RIGHT(LEFTB(B2249,22),16) -> 0011078010196820 | F2249: =RIGHT(B2249,2) -> 83
A2250: 1157712 | B2250: 164640211115150112000353 | C2250: =LEFT(B2250,3) -> 164 | D2250: =RIGHT(LEFTB(B2250,6),3) -> 640 | E2250: =RIGHT(LEFTB(B2250,22),16) -> 2111151501120003 | F2250: =RIGHT(B2250,2) -> 53
A2251: 2266197 | B2251: 007640001216800030241291 | C2251: =LEFT(B2251,3) -> 007 | D2251: =RIGHT(LEFTB(B2251,6),3) -> 640 | E2251: =RIGHT(LEFTB(B2251,22),16) -> 0012168000302412 | F2251: =RIGHT(B2251,2) -> 91
A2252: 2265398 | B2252: 360640000007498499001886 | C2252: =LEFT(B2252,3) -> 360 | D2252: =RIGHT(LEFTB(B2252,6),3) -> 640 | E2252: =RIGHT(LEFTB(B2252,22),16) -> 0000074984990018 | F2252: =RIGHT(B2252,2) -> 86
A2253: 1691500 | B2253: 011640000017200000621395 | C2253: =LEFT(B2253,3) -> 011 | D2253: =RIGHT(LEFTB(B2253,6),3) -> 640 | E2253: =RIGHT(LEFTB(B2253,22),16) -> 0000172000006213 | F2253: =RIGHT(B2253,2) -> 95
A2254: 1116441 | B2254: 230640597829121100600074 | C2254: =LEFT(B2254,3) -> 230 | D2254: =RIGHT(LEFTB(B2254,6),3) -> 640 | E2254: =RIGHT(LEFTB(B2254,22),16) -> 5978291211006000 | F2254: =RIGHT(B2254,2) -> 74
A2255: 2048696 | B2255: 350810000000000623677969 | C2255: =LEFT(B2255,3) -> 350 | D2255: =RIGHT(LEFTB(B2255,6),3) -> 810 | E2255: =RIGHT(LEFTB(B2255,22),16) -> 0000000006236779 | F2255: =RIGHT(B2255,2) -> 69
A2256: 2310021 | B2256: 230720485931221101730020 | C2256: =LEFT(B2256,3) -> 230 | D2256: =RIGHT(LEFTB(B2256,6),3) -> 720 | E2256: =RIGHT(LEFTB(B2256,22),16) -> 4859312211017300 | F2256: =RIGHT(B2256,2) -> 20
A2257: 1592161 | B2257: 225610001730085601012045 | C2257: =LEFT(B2257,3) -> 225 | D2257: =RIGHT(LEFTB(B2257,6),3) -> 610 | E2257: =RIGHT(LEFTB(B2257,22),16) -> 0017300856010120 | F2257: =RIGHT(B2257,2) -> 45
A2258: 2048698 | B2258: 230640249062621102560012 | C2258: =LEFT(B2258,3) -> 230 | D2258: =RIGHT(LEFTB(B2258,6),3) -> 640 | E2258: =RIGHT(LEFTB(B2258,22),16) -> 2490626211025600 | F2258: =RIGHT(B2258,2) -> 12
A2259: 0 | C2259: =LEFT(B2259,3) | D2259: =RIGHT(LEFTB(B2259,6),3) | E2259: =RIGHT(LEFTB(B2259,22),16) | F2259: =RIGHT(B2259,2)
A2260: 342872 | B2260: 164640211113605581000062 | C2260: =LEFT(B2260,3) -> 164 | D2260: =RIGHT(LEFTB(B2260,6),3) -> 640 | E2260: =RIGHT(LEFTB(B2260,22),16) -> 2111136055810000 | F2260: =RIGHT(B2260,2) -> 62
A2261: 1268828 | B2261: 164640211119416177000606 | C2261: =LEFT(B2261,3) -> 164 | D2261: =RIGHT(LEFTB(B2261,6),3) -> 640 | E2261: =RIGHT(LEFTB(B2261,22),16) -> 2111194161770006 | F2261: =RIGHT(B2261,2) -> 06
A2262: 1174486 | B2262: 164640211115334124000951 | C2262: =LEFT(B2262,3) -> 164 | D2262: =RIGHT(LEFTB(B2262,6),3) -> 640 | E2262: =RIGHT(LEFTB(B2262,22),16) -> 2111153341240009 | F2262: =RIGHT(B2262,2) -> 51
A2263: 342803 | B2263: 230640369468621102810083 | C2263: =LEFT(B2263,3) -> 230 | D2263: =RIGHT(LEFTB(B2263,6),3) -> 640 | E2263: =RIGHT(LEFTB(B2263,22),16) -> 3694686211028100 | F2263: =RIGHT(B2263,2) -> 83
A2264: 1503892 | B2264: 363780000001000000920720 | C2264: =LEFT(B2264,3) -> 363 | D2264: =RIGHT(LEFTB(B2264,6),3) -> 780 | E2264: =RIGHT(LEFTB(B2264,22),16) -> 0000010000009207 | F2264: =RIGHT(B2264,2) -> 20
A2265: 1724304 | B2265: 164640211118820082000446 | C2265: =LEFT(B2265,3) -> 164 | D2265: =RIGHT(LEFTB(B2265,6),3) -> 640 | E2265: =RIGHT(LEFTB(B2265,22),16) -> 2111188200820004 | F2265: =RIGHT(B2265,2) -> 46
A2266: 0 | C2266: =LEFT(B2266,3) | D2266: =RIGHT(LEFTB(B2266,6),3) | E2266: =RIGHT(LEFTB(B2266,22),16) | F2266: =RIGHT(B2266,2)
A2267: 2011896 | B2267: 011643000001200001413351 | C2267: =LEFT(B2267,3) -> 011 | D2267: =RIGHT(LEFTB(B2267,6),3) -> 643 | E2267: =RIGHT(LEFTB(B2267,22),16) -> 0000012000014133 | F2267: =RIGHT(B2267,2) -> 51
A2268: 1599513 | B2268: 007640001216500030302125 | C2268: =LEFT(B2268,3) -> 007 | D2268: =RIGHT(LEFTB(B2268,6),3) -> 640 | E2268: =RIGHT(LEFTB(B2268,22),16) -> 0012165000303021 | F2268: =RIGHT(B2268,2) -> 25
A2269: 2156006 | B2269: 022640000048002872119121 | C2269: =LEFT(B2269,3) -> 022 | D2269: =RIGHT(LEFTB(B2269,6),3) -> 640 | E2269: =RIGHT(LEFTB(B2269,22),16) -> 0000480028721191 | F2269: =RIGHT(B2269,2) -> 21
A2270: 1279668 | B2270: 363780000001000002089764 | C2270: =LEFT(B2270,3) -> 363 | D2270: =RIGHT(LEFTB(B2270,6),3) -> 780 | E2270: =RIGHT(LEFTB(B2270,22),16) -> 0000010000020897 | F2270: =RIGHT(B2270,2) -> 64
A2271: 1410061 | B2271: 164640211119026577000932 | C2271: =LEFT(B2271,3) -> 164 | D2271: =RIGHT(LEFTB(B2271,6),3) -> 640 | E2271: =RIGHT(LEFTB(B2271,22),16) -> 2111190265770009 | F2271: =RIGHT(B2271,2) -> 32
A2272: 1276705 | B2272: 164640211113418405000211 | C2272: =LEFT(B2272,3) -> 164 | D2272: =RIGHT(LEFTB(B2272,6),3) -> 640 | E2272: =RIGHT(LEFTB(B2272,22),16) -> 2111134184050002 | F2272: =RIGHT(B2272,2) -> 11
A2273: 1439032 | B2273: 225640017605188601011791 | C2273: =LEFT(B2273,3) -> 225 | D2273: =RIGHT(LEFTB(B2273,6),3) -> 640 | E2273: =RIGHT(LEFTB(B2273,22),16) -> 0176051886010117 | F2273: =RIGHT(B2273,2) -> 91
A2274: 1176207 | B2274: 011640000008200000040524 | C2274: =LEFT(B2274,3) -> 011 | D2274: =RIGHT(LEFTB(B2274,6),3) -> 640 | E2274: =RIGHT(LEFTB(B2274,22),16) -> 0000082000000405 | F2274: =RIGHT(B2274,2) -> 24
A2275: 1691344 | B2275: 164640211118683145000105 | C2275: =LEFT(B2275,3) -> 164 | D2275: =RIGHT(LEFTB(B2275,6),3) -> 640 | E2275: =RIGHT(LEFTB(B2275,22),16) -> 2111186831450001 | F2275: =RIGHT(B2275,2) -> 05
A2276: 304409 | B2276: 230640400861121101170036 | C2276: =LEFT(B2276,3) -> 230 | D2276: =RIGHT(LEFTB(B2276,6),3) -> 640 | E2276: =RIGHT(LEFTB(B2276,22),16) -> 4008611211011700 | F2276: =RIGHT(B2276,2) -> 36
A2277: 1172764 | B2277: 022640000061002741648621 | C2277: =LEFT(B2277,3) -> 022 | D2277: =RIGHT(LEFTB(B2277,6),3) -> 640 | E2277: =RIGHT(LEFTB(B2277,22),16) -> 0000610027416486 | F2277: =RIGHT(B2277,2) -> 21
A2278: 55924 | B2278: 164640211117315260000056 | C2278: =LEFT(B2278,3) -> 164 | D2278: =RIGHT(LEFTB(B2278,6),3) -> 640 | E2278: =RIGHT(LEFTB(B2278,22),16) -> 2111173152600000 | F2278: =RIGHT(B2278,2) -> 56
... A2287: 1266768 | B2287: 164640211115623735000624 | C2287: =LEFT(B2287,3) -> 164 | D2287: =RIGHT(LEFTB(B2287,6),3) -> 640 | E2287: =RIGHT(LEFTB(B2287,22),16) -> 2111156237350006 | F2287: =RIGHT(B2287,2) -> 24
A2288: 0 | C2288: =LEFT(B2288,3) | D2288: =RIGHT(LEFTB(B2288,6),3) | E2288: =RIGHT(LEFTB(B2288,22),16) | F2288: =RIGHT(B2288,2)
A2289: 1581707 | B2289: 164640211115387633000150 | C2289: =LEFT(B2289,3) -> 164 | D2289: =RIGHT(LEFTB(B2289,6),3) -> 640 | E2289: =RIGHT(LEFTB(B2289,22),16) -> 2111153876330001 | F2289: =RIGHT(B2289,2) -> 50
A2290: 1234977 | B2290: 164640211113334628000247 | C2290: =LEFT(B2290,3) -> 164 | D2290: =RIGHT(LEFTB(B2290,6),3) -> 640 | E2290: =RIGHT(LEFTB(B2290,22),16) -> 2111133346280002 | F2290: =RIGHT(B2290,2) -> 47
A2291: 348414 | B2291: 007640000536500043018778 | C2291: =LEFT(B2291,3) -> 007 | D2291: =RIGHT(LEFTB(B2291,6),3) -> 640 | E2291: =RIGHT(LEFTB(B2291,22),16) -> 0005365000430187 | F2291: =RIGHT(B2291,2) -> 78
A2292: 1593553 | B2292: 164640211112606569000596 | C2292: =LEFT(B2292,3) -> 164 | D2292: =RIGHT(LEFTB(B2292,6),3) -> 640 | E2292: =RIGHT(LEFTB(B2292,22),16) -> 2111126065690005 | F2292: =RIGHT(B2292,2) -> 96
A2293: 1051551 | B2293: 164640211115596396000413 | C2293: =LEFT(B2293,3) -> 164 | D2293: =RIGHT(LEFTB(B2293,6),3) -> 640 | E2293: =RIGHT(LEFTB(B2293,22),16) -> 2111155963960004 | F2293: =RIGHT(B2293,2) -> 13
A2294: 1584218 | B2294: 164640211118847771000325 | C2294: =LEFT(B2294,3) -> 164 | D2294: =RIGHT(LEFTB(B2294,6),3) -> 640 | E2294: =RIGHT(LEFTB(B2294,22),16) -> 2111188477710003 | F2294: =RIGHT(B2294,2) -> 25
A2295: 368382 | B2295: 350810000000000040330445 | C2295: =LEFT(B2295,3) -> 350 | D2295: =RIGHT(LEFTB(B2295,6),3) -> 810 | E2295: =RIGHT(LEFTB(B2295,22),16) -> 0000000000403304 | F2295: =RIGHT(B2295,2) -> 45
A2296: 1723574 | B2296: 007640000296200030215444 | C2296: =LEFT(B2296,3) -> 007 | D2296: =RIGHT(LEFTB(B2296,6),3) -> 640 | E2296: =RIGHT(LEFTB(B2296,22),16) -> 0002962000302154 | F2296: =RIGHT(B2296,2) -> 44
A2297: 1723577 | B2297: 164640211118459849000547 | C2297: =LEFT(B2297,3) -> 164 | D2297: =RIGHT(LEFTB(B2297,6),3) -> 640 | E2297: =RIGHT(LEFTB(B2297,22),16) -> 2111184598490005 | F2297: =RIGHT(B2297,2) -> 47
A2298: 1504963 | B2298: 011640000003200001409056 | C2298: =LEFT(B2298,3) -> 011 | D2298: =RIGHT(LEFTB(B2298,6),3) -> 640 | E2298: =RIGHT(LEFTB(B2298,22),16) -> 0000032000014090 | F2298: =RIGHT(B2298,2) -> 56
A2299: 1121589 | B2299: 164640211115327287000668 | C2299: =LEFT(B2299,3) -> 164 | D2299: =RIGHT(LEFTB(B2299,6),3) -> 640 | E2299: =RIGHT(LEFTB(B2299,22),16) -> 2111153272870006 | F2299: =RIGHT(B2299,2) -> 68
A2300: 0 | C2300: =LEFT(B2300,3) | D2300: =RIGHT(LEFTB(B2300,6),3) | E2300: =RIGHT(LEFTB(B2300,22),16) | F2300: =RIGHT(B2300,2)
A2301: 0 | C2301: =LEFT(B2301,3) | D2301: =RIGHT(LEFTB(B2301,6),3) | E2301: =RIGHT(LEFTB(B2301,22),16) | F2301: =RIGHT(B2301,2)
A2302: 0 | C2302: =LEFT(B2302,3) | D2302: =RIGHT(LEFTB(B2302,6),3) | E2302: =RIGHT(LEFTB(B2302,22),16) | F2302: =RIGHT(B2302,2)
A2303: 0 | C2303: =LEFT(B2303,3) | D2303: =RIGHT(LEFTB(B2303,6),3) | E2303: =RIGHT(LEFTB(B2303,22),16) | F2303: =RIGHT(B2303,2)
A2304: 0 | C2304: =LEFT(B2304,3) | D2304: =RIGHT(LEFTB(B2304,6),3) | E2304: =RIGHT(LEFTB(B2304,22),16) | F2304: =RIGHT(B2304,2)
A2305: 0 | C2305: =LEFT(B2305,3) | D2305: =RIGHT(LEFTB(B2305,6),3) | E2305: =RIGHT(LEFTB(B2305,22),16) | F2305: =RIGHT(B2305,2)
A2306: 0 | C2306: =LEFT(B2306,3) | D2306: =RIGHT(LEFTB(B2306,6),3) | E2306: =RIGHT(LEFTB(B2306,22),16) | F2306: =RIGHT(B2306,2)
A2307: 0 | C2307: =LEFT(B2307,3) | D2307: =RIGHT(LEFTB(B2307,6),3) | E2307: =RIGHT(LEFTB(B2307,22),16) | F2307: =RIGHT(B2307,2)
A2308: 0 | C2308: =LEFT(B2308,3) | D2308: =RIGHT(LEFTB(B2308,6),3) | E2308: =RIGHT(LEFTB(B2308,22),16) | F2308: =RIGHT(B2308,2)
A2309: 0 | C2309: =LEFT(B2309,3) | D2309: =RIGHT(LEFTB(B2309,6),3) | E2309: =RIGHT(LEFTB(B2309,22),16) | F2309: =RIGHT(B2309,2)
A2310: 0 | C2310: =LEFT(B2310,3) | D2310: =RIGHT(LEFTB(B2310,6),3) | E2310: =RIGHT(LEFTB(B2310,22),16) | F2310: =RIGHT(B2310,2)
A2311: 0 | C2311: =LEFT(B2311,3) | D2311: =RIGHT(LEFTB(B2311,6),3) | E2311: =RIGHT(LEFTB(B2311,22),16) | F2311: =RIGHT(B2311,2)
... A2362: 0 | C2362: =LEFT(B2362,3) | D2362: =RIGHT(LEFTB(B2362,6),3) | E2362: =RIGHT(LEFTB(B2362,22),16) | F2362: =RIGHT(B2362,2)
A2363: 326572 | B2363: 164640211113315928000844 | C2363: =LEFT(B2363,3) -> 164 | D2363: =RIGHT(LEFTB(B2363,6),3) -> 640 | E2363: =RIGHT(LEFTB(B2363,22),16) -> 2111133159280008 | F2363: =RIGHT(B2363,2) -> 44
A2364: 1284630 | B2364: 011640000013200000364448 | C2364: =LEFT(B2364,3) -> 011 | D2364: =RIGHT(LEFTB(B2364,6),3) -> 640 | E2364: =RIGHT(LEFTB(B2364,22),16) -> 0000132000003644 | F2364: =RIGHT(B2364,2) -> 48
A2365: 1279009 | B2365: 164640211115332624000808 | C2365: =LEFT(B2365,3) -> 164 | D2365: =RIGHT(LEFTB(B2365,6),3) -> 640 | E2365: =RIGHT(LEFTB(B2365,22),16) -> 2111153326240008 | F2365: =RIGHT(B2365,2) -> 08
A2366: 347987 | B2366: 021640000013500105869950 | C2366: =LEFT(B2366,3) -> 021 | D2366: =RIGHT(LEFTB(B2366,6),3) -> 640 | E2366: =RIGHT(LEFTB(B2366,22),16) -> 0000135001058699 | F2366: =RIGHT(B2366,2) -> 50
A2367: 1593280 | B2367: 164640211112587654000305 | C2367: =LEFT(B2367,3) -> 164 | D2367: =RIGHT(LEFTB(B2367,6),3) -> 640 | E2367: =RIGHT(LEFTB(B2367,22),16) -> 2111125876540003 | F2367: =RIGHT(B2367,2) -> 05
A2368: 1599353 | B2368: 164640211112617235000607 | C2368: =LEFT(B2368,3) -> 164 | D2368: =RIGHT(LEFTB(B2368,6),3) -> 640 | E2368: =RIGHT(LEFTB(B2368,22),16) -> 2111126172350006 | F2368: =RIGHT(B2368,2) -> 07
A2369: 899034 | B2369: 164640211113581889000225 | C2369: =LEFT(B2369,3) -> 164 | D2369: =RIGHT(LEFTB(B2369,6),3) -> 640 | E2369: =RIGHT(LEFTB(B2369,22),16) -> 2111135818890002 | F2369: =RIGHT(B2369,2) -> 25
A2370: 1410297 | B2370: 007640000532100031027276 | C2370: =LEFT(B2370,3) -> 007 | D2370: =RIGHT(LEFTB(B2370,6),3) -> 640 | E2370: =RIGHT(LEFTB(B2370,22),16) -> 0005321000310272 | F2370: =RIGHT(B2370,2) -> 76
A2371: 1176781 | B2371: 164640211112289638000781 | C2371: =LEFT(B2371,3) -> 164 | D2371: =RIGHT(LEFTB(B2371,6),3) -> 640 | E2371: =RIGHT(LEFTB(B2371,22),16) -> 2111122896380007 | F2371: =RIGHT(B2371,2) -> 81
A2372: 1239826 | B2372: 011640000008200000062737 | C2372: =LEFT(B2372,3) -> 011 | D2372: =RIGHT(LEFTB(B2372,6),3) -> 640 | E2372: =RIGHT(LEFTB(B2372,22),16) -> 0000082000000627 | F2372: =RIGHT(B2372,2) -> 37
A2373: 1264098 | B2373: 007640000244200030670937 | C2373: =LEFT(B2373,3) -> 007 | D2373: =RIGHT(LEFTB(B2373,6),3) -> 640 | E2373: =RIGHT(LEFTB(B2373,22),16) -> 0002442000306709 | F2373: =RIGHT(B2373,2) -> 37
A2374: 1118621 | B2374: 007640000536200030186372 | C2374: =LEFT(B2374,3) -> 007 | D2374: =RIGHT(LEFTB(B2374,6),3) -> 640 | E2374: =RIGHT(LEFTB(B2374,22),16) -> 0005362000301863 | F2374: =RIGHT(B2374,2) -> 72
... A2866: 1543742 | B2866: 360640000008850200001724 | C2866: =LEFT(B2866,3) -> 360 | D2866: =RIGHT(LEFTB(B2866,6),3) -> 640 | E2866: =RIGHT(LEFTB(B2866,22),16) -> 0000088502000017 | F2866: =RIGHT(B2866,2) -> 24
A2867: 0 | C2867: =LEFT(B2867,3) | D2867: =RIGHT(LEFTB(B2867,6),3) | E2867: =RIGHT(LEFTB(B2867,22),16) | F2867: =RIGHT(B2867,2)
A2868: 1438893 | B2868: 230640263865821100600077 | C2868: =LEFT(B2868,3) -> 230 | D2868: =RIGHT(LEFTB(B2868,6),3) -> 640 | E2868: =RIGHT(LEFTB(B2868,22),16) -> 2638658211006000 | F2868: =RIGHT(B2868,2) -> 77
A2869: 59695 | B2869: 164640211113327393000913 | C2869: =LEFT(B2869,3) -> 164 | D2869: =RIGHT(LEFTB(B2869,6),3) -> 640 | E2869: =RIGHT(LEFTB(B2869,22),16) -> 2111133273930009 | F2869: =RIGHT(B2869,2) -> 13
A2870: 366346 | B2870: 225425014003744601011605 | C2870: =LEFT(B2870,3) -> 225 | D2870: =RIGHT(LEFTB(B2870,6),3) -> 425 | E2870: =RIGHT(LEFTB(B2870,22),16) -> 0140037446010116 | F2870: =RIGHT(B2870,2) -> 05
A2871: 1176063 | B2871: 011640000006200000195533 | C2871: =LEFT(B2871,3) -> 011 | D2871: =RIGHT(LEFTB(B2871,6),3) -> 640 | E2871: =RIGHT(LEFTB(B2871,22),16) -> 0000062000001955 | F2871: =RIGHT(B2871,2) -> 33
A2872: 1592631 | B2872: 164720211112586905000216 | C2872: =LEFT(B2872,3) -> 164 | D2872: =RIGHT(LEFTB(B2872,6),3) -> 720 | E2872: =RIGHT(LEFTB(B2872,22),16) -> 2111125869050002 | F2872: =RIGHT(B2872,2) -> 16
A2873: 59726 | B2873: 164640211115044336000819 | C2873: =LEFT(B2873,3) -> 164 | D2873: =RIGHT(LEFTB(B2873,6),3) -> 640 | E2873: =RIGHT(LEFTB(B2873,22),16) -> 2111150443360008 | F2873: =RIGHT(B2873,2) -> 19
A2874: 1585741 | B2874: 181341211112349712000856 | C2874: =LEFT(B2874,3) -> 181 | D2874: =RIGHT(LEFTB(B2874,6),3) -> 341 | E2874: =RIGHT(LEFTB(B2874,22),16) -> 2111123497120008 | F2874: =RIGHT(B2874,2) -> 56
A2875: 1116507 | B2875: 011640000006200000148197 | C2875: =LEFT(B2875,3) -> 011 | D2875: =RIGHT(LEFTB(B2875,6),3) -> 640 | E2875: =RIGHT(LEFTB(B2875,22),16) -> 0000062000001481 | F2875: =RIGHT(B2875,2) -> 97
A2876: 1279668 | B2876: 363780000001000002089764 | C2876: =LEFT(B2876,3) -> 363 | D2876: =RIGHT(LEFTB(B2876,6),3) -> 780 | E2876: =RIGHT(LEFTB(B2876,22),16) -> 0000010000020897 | F2876: =RIGHT(B2876,2) -> 64
A2877: 390185 | B2877: 164640211111469166000665 | C2877: =LEFT(B2877,3) -> 164 | D2877: =RIGHT(LEFTB(B2877,6),3) -> 640 | E2877: =RIGHT(LEFTB(B2877,22),16) -> 2111114691660006 | F2877: =RIGHT(B2877,2) -> 65
A2878: 1544046 | B2878: 350810000000000147049069 | C2878: =LEFT(B2878,3) -> 350 | D2878: =RIGHT(LEFTB(B2878,6),3) -> 810 | E2878: =RIGHT(LEFTB(B2878,22),16) -> 0000000001470490 | F2878: =RIGHT(B2878,2) -> 69
A2879: 1118553 | B2879: 022640000104000956434221 | C2879: =LEFT(B2879,3) -> 022 | D2879: =RIGHT(LEFTB(B2879,6),3) -> 640 | E2879: =RIGHT(LEFTB(B2879,22),16) -> 0001040009564342 | F2879: =RIGHT(B2879,2) -> 21
... A2958: 1264098 | B2958: 007640000244200030670937 | C2958: =LEFT(B2958,3) -> 007 | D2958: =RIGHT(LEFTB(B2958,6),3) -> 640 | E2958: =RIGHT(LEFTB(B2958,22),16) -> 0002442000306709 | F2958: =RIGHT(B2958,2) -> 37
...

Sheet Feuil2
A1: SOM | B1: NUMERO DE COMPTE
A2: 125 | B2: 02154852232 | C2: =LEN(B2) -> 11
A3: 1546204 | B3: 164720211119878891000210 | C3: =LEN(B3) -> 24
A4: 2310025 | B4: 350810000000001129898756 | C4: =LEN(B4) -> 24
A5: 1690685 | B5: 164640211112464572001269 | C5: =LEN(B5) -> 24
A6: 2226239 | B6: 225731005212900601010538 | C6: =LEN(B6) -> 24
A7: 2155671 | B7: 350810000000000946516861 | C7: =LEN(B7) -> 24
A8: 2310020 | B8: 007640000601700030504943 | C8: =LEN(B8) -> 24
A9: 2156025 | B9: 230640310148721100600061 | C9: =LEN(B9) -> 24
A10: 2352275 | B10: 230640361903521100600087 | C10: =LEN(B10) -> 24 | G10: 5212011001912015152
A11: 1448202 | B11: 164640211119276277000338 | C11: =LEN(B11) -> 24
A12: 2266247 | B12: 007640000091300030870351 | C12: =LEN(B12) -> 24
A13: 2048303 | B13: 164720211110979570000558 | C13: =LEN(B13) -> 24
A14: 2369771 | B14: 007640000844530040022227 | C14: =LEN(B14) -> 24
A15: 1589738 | B15: 350810000000000434624484 | C15: =LEN(B15) -> 24
A16: 1750776 | B16: 360720000006067452001815 | C16: =LEN(B16) -> 24
A17: 2308571 | B17: 350810000000001130031258 | C17: =LEN(B17) -> 24
A18: 1908866 | B18: 007720000757300030515748 | C18: =LEN(B18) -> 24
A19: 2155757 | B19: 230640249707021101710082 | C19: =LEN(B19) -> 24
A20: 2310060 | B20: 007720000154400031015373 | C20: =LEN(B20) -> 24
A21: 2310019 | B21: 230270366983821100730045 | C21: =LEN(B21) -> 24
A22: 2310442 | B22: 230690262991121100750039 | C22: =LEN(B22) -> 24
... A2292: 1121589 | B2292: 164640211115327287000668 | C2292: =LEN(B2292) -> 24
A2293: 0 | C2293: =LEN(B2293) -> 0
A2294: 0 | C2294: =LEN(B2294) -> 0
A2295: 0 | C2295: =LEN(B2295) -> 0
A2296: 0 | C2296: =LEN(B2296) -> 0
A2297: 0 | C2297: =LEN(B2297) -> 0
A2298: 0 | C2298: =LEN(B2298) -> 0
A2299: 0 | C2299: =LEN(B2299) -> 0
A2300: 0 | C2300: =LEN(B2300) -> 0
A2301: 0 | C2301: =LEN(B2301) -> 0
A2302: 0 | C2302: =LEN(B2302) -> 0
A2303: 0 | C2303: =LEN(B2303) -> 0
A2304: 0 | C2304: =LEN(B2304) -> 0
... A2355: 0 | C2355: =LEN(B2355) -> 0
A2356: 326572 | B2356: 164640211113315928000844 | C2356: =LEN(B2356) -> 24
A2357: 1284630 | B2357: 011640000013200000364448 | C2357: =LEN(B2357) -> 24
A2358: 1279009 | B2358: 164640211115332624000808 | C2358: =LEN(B2358) -> 24
A2359: 347987 | B2359: 021640000013500105869950 | C2359: =LEN(B2359) -> 24
A2360: 1593280 | B2360: 164640211112587654000305 | C2360: =LEN(B2360) -> 24
A2361: 1599353 | B2361: 164640211112617235000607 | C2361: =LEN(B2361) -> 24
A2362: 899034 | B2362: 164640211113581889000225 | C2362: =LEN(B2362) -> 24
A2363: 1410297 | B2363: 007640000532100031027276 | C2363: =LEN(B2363) -> 24
A2364: 1176781 | B2364: 164640211112289638000781 | C2364: =LEN(B2364) -> 24
A2365: 1239826 | B2365: 011640000008200000062737 | C2365: =LEN(B2365) -> 24
A2366: 1264098 | B2366: 007640000244200030670937 | C2366: =LEN(B2366) -> 24
A2367: 1118621 | B2367: 007640000536200030186372 | C2367: =LEN(B2367) -> 24
... A3640: 893068 | B3640: 011640000003200 000002362 | C3640: =LEN(B3640) -> 25
A3641: 0 | C3641: =LEN(B3641) -> 0
A3642: 2154442 | B3642: 350810000000000 947437391 | C3642: =LEN(B3642) -> 25
A3643: 894674 | B3643: 007640000000531 230058293 | C3643: =LEN(B3643) -> 25
A3644: 2155805 | B3644: 007640000244500 030471587 | C3644: =LEN(B3644) -> 25
A3645: 1214514 | B3645: 164640211117364389003831 | C3645: =LEN(B3645) -> 24
A3646: 347917 | B3646: 164640211113321294000201 | C3646: =LEN(B3646) -> 24
A3647: 333930 | B3647: 127270211113549246000723 | C3647: =LEN(B3647) -> 24
A3648: 789883 | B3648: 011640000005200 000825986 | C3648: =LEN(B3648) -> 25
A3649: 1757209 | B3649: 164640211113036474000860 | C3649: =LEN(B3649) -> 24
A3650: 1906023 | B3650: 230640391603221100600075 | C3650: =LEN(B3650) -> 24
A3651: 1593909 | B3651: 164640211119507005001865 | C3651: =LEN(B3651) -> 24
A3652: 92362 | B3652: 164640211113889946000048 | C3652: =LEN(B3652) -> 24
A3653: 1157515 | B3653: 022640000237000902481021 | C3653: =LEN(B3653) -> 24
... A3691: 1504979 | B3691: 350810000000000133485074 | C3691: =LEN(B3691) -> 24
A3692: 1690419 | B3692: 2.3081041e+23 | C3692: =LEN(B3692) -> 20
A3693: 1545550 | B3693: 007643000850100030234333 | C3693: =LEN(B3693) -> 24
A3694: 1121586 | B3694: 164640211117169944000520 | C3694: =LEN(B3694) -> 24
A3695: 1758008 | B3695: 007640000298400030521854 | C3695: =LEN(B3695) -> 24
A3696: 1913498 | B3696: 007640001086300030340451 | C3696: =LEN(B3696) -> 24
A3697: 1722634 | B3697: 007640000443700030406919 | C3697: =LEN(B3697) -> 24
A3698: 2048728 | B3698: 164640211114699762000368 | C3698: =LEN(B3698) -> 24
A3699: 2011703 | B3699: 1646402111173 51151000708 | C3699: =LEN(B3699) -> 25
A3700: 716795 | B3700: 007640000601800030231592 | C3700: =LEN(B3700) -> 24
A3701: 1409961 | B3701: 164640211118073294000429 | C3701: =LEN(B3701) -> 24
A3702: 369291 | B3702: 011640000003200000479990 | C3702: =LEN(B3702) -> 24
A3703: 344031 | B3703: 164640211113050640000849 | C3703: =LEN(B3703) -> 24
A3704: 1546021 | B3704: 164640211119884048000205 | C3704: =LEN(B3704) -> 24
... A3787: 297815 | B3787: 011643000001200000013738 | C3787: =LEN(B3787) -> 24
A3788: 1593766 | B3788: ='[1]MED HASSAN OUAZZANI'!M120 -> 225640040400976601012256 | C3788: =LEN(B3788) -> 24
A3789: 1687907 | B3789: ='[1]MED HASSAN OUAZZANI'!M121 -> 164640211118642065000361 | C3789: =LEN(B3789) -> 24
A3790: 1152859 | B3790: ='[1]MED HASSAN OUAZZANI'!M122 -> 007640001042500030004887 | C3790: =LEN(B3790) -> 24
A3791: 1592551 | B3791: ='[1]MED HASSAN OUAZZANI'!M123 -> 164167211112626659000492 | C3791: =LEN(B3791) -> 24
A3792: 718238 | B3792: ='[1]MED HASSAN OUAZZANI'!M124 -> 164640211113401834001719 | C3792: =LEN(B3792) -> 24
A3793: 894556 | B3793: ='[1]MED HASSAN OUAZZANI'!M125 -> 230640863691221100600043 | C3793: =LEN(B3793) -> 24
A3794: 2048748 | B3794: ='[1]MED HASSAN OUAZZANI'!M126 -> 360640000001307530001247 | C3794: =LEN(B3794) -> 24
A3795: 2011699 | B3795: ='[1]MED HASSAN OUAZZANI'!M127 -> 164640211113328679000238 | C3795: =LEN(B3795) -> 24
A3796: 1124407 | B3796: ='[1]MED HASSAN OUAZZANI'!M128 -> 164640211117136320000836 | C3796: =LEN(B3796) -> 24
A3797: 2015971 | B3797: ='[1]MED HASSAN OUAZZANI'!M129 -> 230720510483621100890012 | C3797: =LEN(B3797) -> 24
A3798: 1593774 | B3798: ='[1]MED HASSAN OUAZZANI'!M137 -> 1646402111126146260000 46 | C3798: =LEN(B3798) -> 25
A3799: 1679376 | B3799: ='[1]MED HASSAN OUAZZANI'!M138 -> 1646402111125922340002 23 | C3799: =LEN(B3799) -> 25
A3800: 1904615 | B3800: ='[1]MED HASSAN OUAZZANI'!M139 -> 127270211114889480000158 | C3800: =LEN(B3800) -> 24
A3801: 2048825 | B3801: ='[1]MED HASSAN OUAZZANI'!M140 -> 164640211114079009000166 | C3801: =LEN(B3801) -> 24
A3802: 2016007 | B3802: ='[1]MED HASSAN OUAZZANI'!M141 -> 1646402111150939920000 65 | C3802: =LEN(B3802) -> 25
A3803: 1692541 | B3803: ='[1]MED HASSAN OUAZZANI'!M142 -> 350810000000000486344690 | C3803: =LEN(B3803) -> 24
A3804: 2155770 | B3804: ='[1]MED HASSAN OUAZZANI'!M143 -> 011727000001200001942382 | C3804: =LEN(B3804) -> 24
A3805: 1599639 | B3805: ='[1]MED HASSAN OUAZZANI'!M144 -> 164640211119516069000413 | C3805: =LEN(B3805) -> 24
A3806: 2156023 | B3806: ='[1]MED HASSAN OUAZZANI'!M145 -> 230720319951921100890033 | C3806: =LEN(B3806) -> 24
A3807: 1178049 | B3807: ='[1]MED HASSAN OUAZZANI'!M146 -> 0136400113020033300172 92 | C3807: =LEN(B3807) -> 25
A3808: 1591304 | B3808: 007061000077100030382205 | C3808: =LEN(B3808) -> 24
A3809: 1410248 | B3809: 164640211118264204000827 | C3809: =LEN(B3809) -> 24
A3810: 2155599 | B3810: ='[1]MED HASSAN OUAZZANI'!M156 -> 230640247279521101720004 | C3810: =LEN(B3810) -> 24
...

Sheet Feuil1
A1: 164640211115875624000679 | B1: =IF(A1="","",VLOOKUP(A1,3,0)) -> #N/A | C1: =IF(A1="","",VLOOKUP(A1,'RIB 1'!#REF!,4,0)) -> #REF! | D1: =IF(#REF!="","",VLOOKUP(#REF!,'RIB 1'!#REF!,5,0)) -> #REF! | E1: =IF(#REF!="","",VLOOKUP(#REF!,'RIB 1'!#REF!,6,0)) -> #REF!
